RBI_State,RBI_District,Banking_Outlets,Census_2011_State,Census_2011_District,Direct_Census_Match
ANDAMAN & NICOBAR ISLANDS,NICOBAR,4,ANDAMAN & NICOBAR ISLANDS,NICOBARS,True
ANDAMAN & NICOBAR ISLANDS,NORTH AND MIDDLE ANDAMAN,8,ANDAMAN & NICOBAR ISLANDS,NORTH & MIDDLE ANDAMAN,True
ANDAMAN & NICOBAR ISLANDS,SOUTH ANDAMAN,45,ANDAMAN & NICOBAR ISLANDS,SOUTH ANDAMAN,True
ANDHRA PRADESH,ALLURI SITHARAMA RAJU,22,ANDHRA PRADESH,VISAKHAPATNAM,True
ANDHRA PRADESH,ANAKAPALLI,126,ANDHRA PRADESH,VISAKHAPATNAM,True
ANDHRA PRADESH,ANANTHAPURAMU,155,ANDHRA PRADESH,ANANTAPUR,True
ANDHRA PRADESH,ANNAMAYYA,126,ANDHRA PRADESH,CHITTOOR,True
ANDHRA PRADESH,BAPATLA,148,ANDHRA PRADESH,GUNTUR,True
ANDHRA PRADESH,CHITTOOR,133,ANDHRA PRADESH,CHITTOOR,True
ANDHRA PRADESH,DR. B.R. AMBEDKAR KONASEEMA,170,ANDHRA PRADESH,DR. B.R. AMBEDKAR KONASEEMA,False
ANDHRA PRADESH,EAST GODAVARI,226,ANDHRA PRADESH,EAST GODAVARI,True
ANDHRA PRADESH,ELURU,185,ANDHRA PRADESH,WEST GODAVARI,True
ANDHRA PRADESH,GUNTUR,314,ANDHRA PRADESH,GUNTUR,True
ANDHRA PRADESH,KAKINADA,235,ANDHRA PRADESH,EAST GODAVARI,True
ANDHRA PRADESH,KRISHNA,269,ANDHRA PRADESH,KRISHNA,True
ANDHRA PRADESH,KURNOOL,149,ANDHRA PRADESH,KURNOOL,True
ANDHRA PRADESH,MARKAPURAM,79,ANDHRA PRADESH,MARKAPURAM,False
ANDHRA PRADESH,NANDYAL,132,ANDHRA PRADESH,KURNOOL,True
ANDHRA PRADESH,NTR,244,ANDHRA PRADESH,KRISHNA,True
ANDHRA PRADESH,PALNADU,153,ANDHRA PRADESH,GUNTUR,True
ANDHRA PRADESH,PARVATHIPURAM MANYAM,54,ANDHRA PRADESH,VIZIANAGARAM,True
ANDHRA PRADESH,POLAVARAM,19,ANDHRA PRADESH,POLAVARAM,False
ANDHRA PRADESH,PRAKASAM,119,ANDHRA PRADESH,PRAKASAM,True
ANDHRA PRADESH,SRI POTTI SRIRAMULU NELLORE,223,ANDHRA PRADESH,SRI POTTI SRIRAMULU NELLORE,True
ANDHRA PRADESH,SRI SATHYA SAI,114,ANDHRA PRADESH,ANANTAPUR,True
ANDHRA PRADESH,SRIKAKULAM,155,ANDHRA PRADESH,SRIKAKULAM,True
ANDHRA PRADESH,TIRUPATI,229,ANDHRA PRADESH,SRI POTTI SRIRAMULU NELLORE,True
ANDHRA PRADESH,VISAKHAPATNAM,363,ANDHRA PRADESH,VISAKHAPATNAM,True
ANDHRA PRADESH,VIZIANAGARAM,166,ANDHRA PRADESH,VIZIANAGARAM,True
ANDHRA PRADESH,WEST GODAVARI,241,ANDHRA PRADESH,WEST GODAVARI,True
ANDHRA PRADESH,Y.S.R.,149,ANDHRA PRADESH,Y.S.R.,True
ARUNACHAL PRADESH,ANJAW,2,ARUNACHAL PRADESH,ANJAW,True
ARUNACHAL PRADESH,BICHOM,1,ARUNACHAL PRADESH,BICHOM,False
ARUNACHAL PRADESH,CHUNGLANG,7,ARUNACHAL PRADESH,CHANGLANG,True
ARUNACHAL PRADESH,DIBANG VALLEY,1,ARUNACHAL PRADESH,DIBANG VALLEY,True
ARUNACHAL PRADESH,EAST KAMENG,6,ARUNACHAL PRADESH,EAST KAMENG,True
ARUNACHAL PRADESH,EAST SIANG,11,ARUNACHAL PRADESH,EAST SIANG,True
ARUNACHAL PRADESH,KAMLE,1,ARUNACHAL PRADESH,KAMLE,False
ARUNACHAL PRADESH,KEYI PANYOR,1,ARUNACHAL PRADESH,KEYI PANYOR,False
ARUNACHAL PRADESH,KRA DAADI,1,ARUNACHAL PRADESH,KRA DAADI,False
ARUNACHAL PRADESH,KURUNG KUMEY,1,ARUNACHAL PRADESH,KURUNG KUMEY,True
ARUNACHAL PRADESH,LEPARADA,2,ARUNACHAL PRADESH,LEPARADA,False
ARUNACHAL PRADESH,LOHIT,5,ARUNACHAL PRADESH,LOHIT,True
ARUNACHAL PRADESH,LONGDING,3,ARUNACHAL PRADESH,LONGDING,False
ARUNACHAL PRADESH,LOWER DIBANG VALLEY,4,ARUNACHAL PRADESH,LOWER DIBANG VALLEY,True
ARUNACHAL PRADESH,LOWER SIANG,1,ARUNACHAL PRADESH,LOWER SIANG,False
ARUNACHAL PRADESH,LOWER SUBANSIRI,6,ARUNACHAL PRADESH,LOWER SUBANSIRI,True
ARUNACHAL PRADESH,NAMSAI,10,ARUNACHAL PRADESH,NAMSAI,False
ARUNACHAL PRADESH,PAKKE KESSANG,2,ARUNACHAL PRADESH,PAKKE KESSANG,False
ARUNACHAL PRADESH,PAPUMPARE,40,ARUNACHAL PRADESH,PAPUM PARE,True
ARUNACHAL PRADESH,SHI-YOMI,2,ARUNACHAL PRADESH,SHI-YOMI,False
ARUNACHAL PRADESH,SIANG,2,ARUNACHAL PRADESH,SIANG,False
ARUNACHAL PRADESH,TAWANG,8,ARUNACHAL PRADESH,TAWANG,True
ARUNACHAL PRADESH,TIRAP,2,ARUNACHAL PRADESH,TIRAP,True
ARUNACHAL PRADESH,UPPER SIANG,2,ARUNACHAL PRADESH,UPPER SIANG,True
ARUNACHAL PRADESH,UPPER SUBANSIRI,3,ARUNACHAL PRADESH,UPPER SUBANSIRI,True
ARUNACHAL PRADESH,WEST KAMENG,11,ARUNACHAL PRADESH,WEST KAMENG,True
ARUNACHAL PRADESH,WEST SIANG,4,ARUNACHAL PRADESH,WEST SIANG,True
ASSAM,BAJALI,11,ASSAM,BAJALI,False
ASSAM,BAKSA,16,ASSAM,BAKSA,True
ASSAM,BARPETA,49,ASSAM,BARPETA,True
ASSAM,BISWANATH,27,ASSAM,SONITPUR,True
ASSAM,BONGAIGAON,30,ASSAM,BONGAIGAON,True
ASSAM,CACHAR,84,ASSAM,CACHAR,True
ASSAM,CHARAIDEO,17,ASSAM,CHARAIDEO,False
ASSAM,CHIRANG,20,ASSAM,CHIRANG,True
ASSAM,DARRANG,31,ASSAM,DARRANG,True
ASSAM,DHEMAJI,25,ASSAM,DHEMAJI,True
ASSAM,DHUBRI,34,ASSAM,DHUBRI,True
ASSAM,DIBRUGARH,110,ASSAM,DIBRUGARH,True
ASSAM,DIMA HASAO,15,ASSAM,DIMA HASAO,True
ASSAM,GOALPARA,32,ASSAM,GOALPARA,True
ASSAM,GOLAGHAT,51,ASSAM,GOLAGHAT,True
ASSAM,HAILAKANDI,23,ASSAM,HAILAKANDI,True
ASSAM,HOJAI,16,ASSAM,NAGAON,True
ASSAM,JORHAT,70,ASSAM,JORHAT,True
ASSAM,KAMRUP,89,ASSAM,KAMRUP,True
ASSAM,KAMRUP METROPOLITAN,264,ASSAM,KAMRUP METROPOLITAN,True
ASSAM,KARBI ANGLONG,18,ASSAM,KARBI ANGLONG,True
ASSAM,KOKRAJHAR,28,ASSAM,KOKRAJHAR,True
ASSAM,LAKHIMPUR,41,ASSAM,LAKHIMPUR,True
ASSAM,MAJULI,9,ASSAM,MAJULI,False
ASSAM,MORIGAON,29,ASSAM,MORIGAON,True
ASSAM,NAGAON,80,ASSAM,NAGAON,True
ASSAM,NALBARI,39,ASSAM,NALBARI,True
ASSAM,SIBSAGAR,50,ASSAM,SIVASAGAR,True
ASSAM,SONITPUR,64,ASSAM,SONITPUR,True
ASSAM,SOUTH SALMARA-MANKACHAR,14,ASSAM,SOUTH SALMARA-MANKACHAR,False
ASSAM,SRIBHUMI,40,ASSAM,KARIMGANJ,True
ASSAM,TAMULPUR,14,ASSAM,DARRANG,True
ASSAM,TINSUKIA,93,ASSAM,TINSUKIA,True
ASSAM,UDALGURI,22,ASSAM,UDALGURI,True
ASSAM,WEST KARBI ANGLONG,5,ASSAM,WEST KARBI ANGLONG,False
BIHAR,ARARIA,81,BIHAR,ARARIA,True
BIHAR,ARWAL,31,BIHAR,ARWAL,True
BIHAR,AURANGABAD,100,BIHAR,AURANGABAD,True
BIHAR,BANKA,76,BIHAR,BANKA,True
BIHAR,BEGUSARAI,134,BIHAR,BEGUSARAI,True
BIHAR,BHAGALPUR,180,BIHAR,BHAGALPUR,True
BIHAR,BHOJPUR,101,BIHAR,BHOJPUR,True
BIHAR,BUXAR,73,BIHAR,BUXAR,True
BIHAR,DARBHANGA,136,BIHAR,DARBHANGA,True
BIHAR,GAYA,177,BIHAR,GAYA,True
BIHAR,GOPALGANJ,76,BIHAR,GOPALGANJ,True
BIHAR,JAMUI,47,BIHAR,JAMUI,True
BIHAR,JEHANABAD,53,BIHAR,JEHANABAD,True
BIHAR,KAIMUR,62,BIHAR,KAIMUR (BHABUA),True
BIHAR,KATIHAR,108,BIHAR,KATIHAR,True
BIHAR,KHAGARIA,57,BIHAR,KHAGARIA,True
BIHAR,KISHANGANJ,52,BIHAR,KISHANGANJ,True
BIHAR,LAKHISARAI,36,BIHAR,LAKHISARAI,True
BIHAR,MADHEPURA,67,BIHAR,MADHEPURA,True
BIHAR,MADHUBANI,128,BIHAR,MADHUBANI,True
BIHAR,MUNGER,72,BIHAR,MUNGER,True
BIHAR,MUZAFFARPUR,225,BIHAR,MUZAFFARPUR,True
BIHAR,NALANDA,108,BIHAR,NALANDA,True
BIHAR,NAWADA,58,BIHAR,NAWADA,True
BIHAR,PASCHIMI CHAMPARAN,106,BIHAR,PASHCHIM CHAMPARAN,True
BIHAR,PATNA,656,BIHAR,PATNA,True
BIHAR,PURBI CHAMPARAN,148,BIHAR,PURBA CHAMPARAN,True
BIHAR,PURNIA,139,BIHAR,PURNIA,True
BIHAR,ROHTAS,107,BIHAR,ROHTAS,True
BIHAR,SAHARSA,63,BIHAR,SAHARSA,True
BIHAR,SAMASTIPUR,161,BIHAR,SAMASTIPUR,True
BIHAR,SARAN,128,BIHAR,SARAN,True
BIHAR,SHEIKHPURA,30,BIHAR,SHEIKHPURA,True
BIHAR,SHEOHAR,25,BIHAR,SHEOHAR,True
BIHAR,SITAMARHI,99,BIHAR,SITAMARHI,True
BIHAR,SIWAN,112,BIHAR,SIWAN,True
BIHAR,SUPAUL,76,BIHAR,SUPAUL,True
BIHAR,VAISHALI,129,BIHAR,VAISHALI,True
CHANDIGARH,CHANDIGARH,229,CHANDIGARH,CHANDIGARH,True
CHHATTISGARH,BALOD,36,CHHATTISGARH,DURG,True
CHHATTISGARH,BALODABAZAR,51,CHHATTISGARH,BALODABAZAR,False
CHHATTISGARH,BALRAMPUR,22,CHHATTISGARH,SURGUJA,True
CHHATTISGARH,BASTAR,59,CHHATTISGARH,BASTAR,True
CHHATTISGARH,BEMETARA,27,CHHATTISGARH,DURG,True
CHHATTISGARH,BIJAPUR,23,CHHATTISGARH,BIJAPUR,True
CHHATTISGARH,BILASPUR,131,CHHATTISGARH,BILASPUR,True
CHHATTISGARH,DAKSHIN BASTAR DANTEWADA,24,CHHATTISGARH,DAKSHIN BASTAR DANTEWADA,True
CHHATTISGARH,DHAMTARI,49,CHHATTISGARH,DHAMTARI,True
CHHATTISGARH,DURG,156,CHHATTISGARH,DURG,True
CHHATTISGARH,GARIYABAND,25,CHHATTISGARH,GARIYABAND,False
CHHATTISGARH,GAURELA-PENDRA-MARWAHI,11,CHHATTISGARH,GAURELA-PENDRA-MARWAHI,False
CHHATTISGARH,JANJGIR-CHAMPA,55,CHHATTISGARH,JANJGIR - CHAMPA,True
CHHATTISGARH,JASHPUR,42,CHHATTISGARH,JASHPUR,True
CHHATTISGARH,KABEERDHAM,31,CHHATTISGARH,KABEERDHAM,True
CHHATTISGARH,KHAIRAGARH-CHHUIKHADAN-GANDAI,14,CHHATTISGARH,KHAIRAGARH-CHHUIKHADAN-GANDAI,False
CHHATTISGARH,KONDAGAON,19,CHHATTISGARH,BASTAR,True
CHHATTISGARH,KORBA,63,CHHATTISGARH,KORBA,True
CHHATTISGARH,KORIYA,15,CHHATTISGARH,KORIYA,True
CHHATTISGARH,MAHASAMUND,52,CHHATTISGARH,MAHASAMUND,True
CHHATTISGARH,MANENDRAGARH-CHIRMIRI-BHARATPUR,29,CHHATTISGARH,MANENDRAGARH-CHIRMIRI-BHARATPUR,False
CHHATTISGARH,MOHLA-MANPUR-AMBAGARH CHOUKI,10,CHHATTISGARH,MOHLA-MANPUR-AMBAGARH CHOUKI,False
CHHATTISGARH,MUNGELI,21,CHHATTISGARH,MUNGELI,False
CHHATTISGARH,NARAYANPUR,7,CHHATTISGARH,NARAYANPUR,True
CHHATTISGARH,RAIGARH,61,CHHATTISGARH,RAIGARH,True
CHHATTISGARH,RAIPUR,289,CHHATTISGARH,RAIPUR,True
CHHATTISGARH,RAJNANDGAON,47,CHHATTISGARH,RAJNANDGAON,True
CHHATTISGARH,SAKTI,19,CHHATTISGARH,JANJGIR - CHAMPA,True
CHHATTISGARH,SARANGARH-BILAIGARH,21,CHHATTISGARH,RAIGARH,True
CHHATTISGARH,SUKMA,12,CHHATTISGARH,DANTEWADA,False
CHHATTISGARH,SURAJPUR,29,CHHATTISGARH,SURGUJA,True
CHHATTISGARH,SURGUJA,43,CHHATTISGARH,SURGUJA,True
CHHATTISGARH,UTTAR BASTAR KANKER,38,CHHATTISGARH,UTTAR BASTAR KANKER,True
DADRA AND NAGAR HAVELI AND DAMAN AND DIU,DADRA&NAGAR HAVELI,34,DADRA & NAGAR HAVELI,DADRA & NAGAR HAVELI,True
DADRA AND NAGAR HAVELI AND DAMAN AND DIU,DAMAN,19,DAMAN & DIU,DAMAN,True
DADRA AND NAGAR HAVELI AND DAMAN AND DIU,DIU,11,DAMAN & DIU,DIU,True
GOA,KUSHAVATI,44,GOA,KUSHAVATI,False
GOA,NORTH GOA,223,GOA,NORTH GOA,True
GOA,SOUTH GOA,182,GOA,SOUTH GOA,True
GUJARAT,AHMEDABAD,803,GUJARAT,AHMADABAD,True
GUJARAT,AMRELI,116,GUJARAT,AMRELI,True
GUJARAT,ANAND,242,GUJARAT,ANAND,True
GUJARAT,ARAVALLI,66,GUJARAT,ARAVALLI,False
GUJARAT,BANAS KANTHA,88,GUJARAT,BANAS KANTHA,True
GUJARAT,BHARUCH,158,GUJARAT,BHARUCH,True
GUJARAT,BHAVNAGAR,153,GUJARAT,BHAVNAGAR,True
GUJARAT,BOTAD,36,GUJARAT,BOTAD,False
GUJARAT,CHHOTAUDEPUR,62,GUJARAT,CHHOTAUDEPUR,False
GUJARAT,DANGS,14,GUJARAT,THE DANGS,True
GUJARAT,DEVBHUMI DWARKA,48,GUJARAT,DEVBHUMI DWARKA,False
GUJARAT,DOHAD,56,GUJARAT,DOHAD,True
GUJARAT,GANDHINAGAR,204,GUJARAT,GANDHINAGAR,True
GUJARAT,GIR SOMNATH,78,GUJARAT,GIR SOMNATH,False
GUJARAT,JAMNAGAR,120,GUJARAT,JAMNAGAR,True
GUJARAT,JUNAGADH,137,GUJARAT,JUNAGADH,True
GUJARAT,KACHCHH,220,GUJARAT,KACHCHH,True
GUJARAT,KHEDA,180,GUJARAT,KHEDA,True
GUJARAT,MAHESANA,175,GUJARAT,MAHESANA,True
GUJARAT,MAHISAGAR,50,GUJARAT,MAHISAGAR,False
GUJARAT,MORBI,90,GUJARAT,MORBI,False
GUJARAT,NARMADA,35,GUJARAT,NARMADA,True
GUJARAT,NAVSARI,148,GUJARAT,NAVSARI,True
GUJARAT,PANCH MAHALS,87,GUJARAT,PANCH MAHALS,True
GUJARAT,PATAN,64,GUJARAT,PATAN,True
GUJARAT,PORBANDAR,54,GUJARAT,PORBANDAR,True
GUJARAT,RAJKOT,316,GUJARAT,RAJKOT,True
GUJARAT,SABAR KANTHA,99,GUJARAT,SABAR KANTHA,True
GUJARAT,SURAT,488,GUJARAT,SURAT,True
GUJARAT,SURENDRANAGAR,97,GUJARAT,SURENDRANAGAR,True
GUJARAT,TAPI,47,GUJARAT,TAPI,True
GUJARAT,VADODARA,459,GUJARAT,VADODARA,True
GUJARAT,VALSAD,141,GUJARAT,VALSAD,True
GUJARAT,VAV-THARAD,19,GUJARAT,VAV-THARAD,False
HARYANA,AMBALA,152,HARYANA,AMBALA,True
HARYANA,BHIWANI,71,HARYANA,BHIWANI,True
HARYANA,CHARKI DADRI,29,HARYANA,CHARKI DADRI,False
HARYANA,FARIDABAD,197,HARYANA,FARIDABAD,True
HARYANA,FATEHABAD,87,HARYANA,FATEHABAD,True
HARYANA,GURUGRAM,357,HARYANA,GURGAON,True
HARYANA,HANSI,42,HARYANA,HANSI,False
HARYANA,HISAR,129,HARYANA,HISAR,True
HARYANA,JHAJJAR,87,HARYANA,JHAJJAR,True
HARYANA,JIND,116,HARYANA,JIND,True
HARYANA,KAITHAL,88,HARYANA,KAITHAL,True
HARYANA,KARNAL,204,HARYANA,KARNAL,True
HARYANA,KURUKSHETRA,126,HARYANA,KURUKSHETRA,True
HARYANA,MAHENDRAGARH,71,HARYANA,MAHENDRAGARH,True
HARYANA,NUH,40,HARYANA,MEWAT,True
HARYANA,PALWAL,56,HARYANA,PALWAL,True
HARYANA,PANCHKULA,142,HARYANA,PANCHKULA,True
HARYANA,PANIPAT,148,HARYANA,PANIPAT,True
HARYANA,REWARI,89,HARYANA,REWARI,True
HARYANA,ROHTAK,132,HARYANA,ROHTAK,True
HARYANA,SIRSA,124,HARYANA,SIRSA,True
HARYANA,SONIPAT,191,HARYANA,SONIPAT,True
HARYANA,YAMUNANAGAR,133,HARYANA,YAMUNANAGAR,True
HIMACHAL PRADESH,BILASPUR,70,HIMACHAL PRADESH,BILASPUR,True
HIMACHAL PRADESH,CHAMBA,48,HIMACHAL PRADESH,CHAMBA,True
HIMACHAL PRADESH,HAMIRPUR,94,HIMACHAL PRADESH,HAMIRPUR,True
HIMACHAL PRADESH,KANGRA,219,HIMACHAL PRADESH,KANGRA,True
HIMACHAL PRADESH,KINNAUR,30,HIMACHAL PRADESH,KINNAUR,True
HIMACHAL PRADESH,KULU,68,HIMACHAL PRADESH,KULLU,True
HIMACHAL PRADESH,LAHUL & SPITI,15,HIMACHAL PRADESH,LAHUL & SPITI,True
HIMACHAL PRADESH,MANDI,119,HIMACHAL PRADESH,MANDI,True
HIMACHAL PRADESH,SHIMLA,206,HIMACHAL PRADESH,SHIMLA,True
HIMACHAL PRADESH,SIRMAUR,87,HIMACHAL PRADESH,SIRMAUR,True
HIMACHAL PRADESH,SOLAN,158,HIMACHAL PRADESH,SOLAN,True
HIMACHAL PRADESH,UNA,90,HIMACHAL PRADESH,UNA,True
JAMMU & KASHMIR,ANANTNAG,19,JAMMU & KASHMIR,ANANTNAG,True
JAMMU & KASHMIR,BADGAM,16,JAMMU & KASHMIR,BADGAM,True
JAMMU & KASHMIR,BANDIPORA,5,JAMMU & KASHMIR,BANDIPORE,True
JAMMU & KASHMIR,BARAMULLA,19,JAMMU & KASHMIR,BARAMULA,True
JAMMU & KASHMIR,DODA,13,JAMMU & KASHMIR,DODA,True
JAMMU & KASHMIR,GANDERBAL,6,JAMMU & KASHMIR,GANDERBAL,True
JAMMU & KASHMIR,JAMMU,174,JAMMU & KASHMIR,JAMMU,True
JAMMU & KASHMIR,KATHUA,37,JAMMU & KASHMIR,KATHUA,True
JAMMU & KASHMIR,KISHTWAR,5,JAMMU & KASHMIR,KISHTWAR,True
JAMMU & KASHMIR,KULGAM,5,JAMMU & KASHMIR,KULGAM,True
JAMMU & KASHMIR,KUPWARA,11,JAMMU & KASHMIR,KUPWARA,True
JAMMU & KASHMIR,POONCH,6,JAMMU & KASHMIR,PUNCH,True
JAMMU & KASHMIR,PULWAMA,9,JAMMU & KASHMIR,PULWAMA,True
JAMMU & KASHMIR,RAJOURI,17,JAMMU & KASHMIR,RAJOURI,True
JAMMU & KASHMIR,RAMBAN,8,JAMMU & KASHMIR,RAMBAN,True
JAMMU & KASHMIR,REASI,21,JAMMU & KASHMIR,REASI,True
JAMMU & KASHMIR,SAMBA,36,JAMMU & KASHMIR,SAMBA,True
JAMMU & KASHMIR,SHOPIAN,5,JAMMU & KASHMIR,SHUPIYAN,True
JAMMU & KASHMIR,SRINAGAR,58,JAMMU & KASHMIR,SRINAGAR,True
JAMMU & KASHMIR,UDHAMPUR,30,JAMMU & KASHMIR,UDHAMPUR,True
JHARKHAND,BOKARO,167,JHARKHAND,BOKARO,True
JHARKHAND,CHATRA,50,JHARKHAND,CHATRA,True
JHARKHAND,DEOGHAR,101,JHARKHAND,DEOGHAR,True
JHARKHAND,DHANBAD,226,JHARKHAND,DHANBAD,True
JHARKHAND,DUMKA,79,JHARKHAND,DUMKA,True
JHARKHAND,GARHWA,49,JHARKHAND,GARHWA,True
JHARKHAND,GIRIDIH,128,JHARKHAND,GIRIDIH,True
JHARKHAND,GODDA,72,JHARKHAND,GODDA,True
JHARKHAND,GUMLA,46,JHARKHAND,GUMLA,True
JHARKHAND,HAZARIBAG,133,JHARKHAND,HAZARIBAGH,True
JHARKHAND,JAMTARA,44,JHARKHAND,JAMTARA,True
JHARKHAND,KHUNTI,32,JHARKHAND,KHUNTI,True
JHARKHAND,KODERMA,51,JHARKHAND,KODARMA,True
JHARKHAND,LATEHAR,33,JHARKHAND,LATEHAR,True
JHARKHAND,LOHARDAGGA,31,JHARKHAND,LOHARDAGA,True
JHARKHAND,PAKUR,41,JHARKHAND,PAKUR,True
JHARKHAND,PALAMAU,70,JHARKHAND,PALAMU,True
JHARKHAND,PASCHIMI SINGHBHUM,84,JHARKHAND,PASHCHIMI SINGHBHUM,True
JHARKHAND,PURBI SINGHBHUM,213,JHARKHAND,PURBI SINGHBHUM,True
JHARKHAND,RAMGARH,85,JHARKHAND,RAMGARH,True
JHARKHAND,RANCHI,360,JHARKHAND,RANCHI,True
JHARKHAND,SAHEBGANJ,46,JHARKHAND,SAHIBGANJ,True
JHARKHAND,SERAIKELA-KHARSAWAN,80,JHARKHAND,SARAIKELA-KHARSAWAN,True
JHARKHAND,SIMDEGA,27,JHARKHAND,SIMDEGA,True
KARNATAKA,BAGALKOTE,125,KARNATAKA,BAGALKOT,True
KARNATAKA,BALLARI,94,KARNATAKA,BELLARY,True
KARNATAKA,BELAGAVI,302,KARNATAKA,BELGAUM,True
KARNATAKA,BENGALURU RURAL,134,KARNATAKA,BANGALORE RURAL,True
KARNATAKA,BENGALURU SOUTH,104,KARNATAKA,RAMANAGARA,True
KARNATAKA,BENGALURU URBAN,1362,KARNATAKA,BANGALORE,True
KARNATAKA,BIDAR,87,KARNATAKA,BIDAR,True
KARNATAKA,CHAMARAJANAGAR,74,KARNATAKA,CHAMARAJANAGAR,True
KARNATAKA,CHIKKABALLAPURA,91,KARNATAKA,CHIKKABALLAPURA,True
KARNATAKA,CHIKKAMAGALURU,142,KARNATAKA,CHIKMAGALUR,True
KARNATAKA,CHITRADURGA,89,KARNATAKA,CHITRADURGA,True
KARNATAKA,DAKSHIN KANNAD,386,KARNATAKA,DAKSHINA KANNADA,True
KARNATAKA,DAVANGERE,107,KARNATAKA,DAVANAGERE,True
KARNATAKA,DHARWAD,188,KARNATAKA,DHARWAD,True
KARNATAKA,GADAG,70,KARNATAKA,GADAG,True
KARNATAKA,HASSAN,190,KARNATAKA,HASSAN,True
KARNATAKA,HAVERI,89,KARNATAKA,HAVERI,True
KARNATAKA,KALABURAGI,134,KARNATAKA,GULBARGA,True
KARNATAKA,KODAGU,102,KARNATAKA,KODAGU,True
KARNATAKA,KOLAR,113,KARNATAKA,KOLAR,True
KARNATAKA,KOPPAL,77,KARNATAKA,KOPPAL,True
KARNATAKA,MANDYA,156,KARNATAKA,MANDYA,True
KARNATAKA,MYSURU,305,KARNATAKA,MYSORE,True
KARNATAKA,RAICHUR,110,KARNATAKA,RAICHUR,True
KARNATAKA,SHIVAMOGGA,189,KARNATAKA,SHIMOGA,True
KARNATAKA,TUMAKURU,194,KARNATAKA,TUMKUR,True
KARNATAKA,UDIPI,259,KARNATAKA,UDUPI,True
KARNATAKA,UTTAR KANNAD,171,KARNATAKA,UTTARA KANNADA,True
KARNATAKA,VIJAYANAGARA,69,KARNATAKA,VIJAYANAGARA,False
KARNATAKA,VIJAYAPURA,128,KARNATAKA,BIJAPUR,True
KARNATAKA,YADGIR,55,KARNATAKA,YADGIR,True
KERALA,ALAPUZHA,215,KERALA,ALAPPUZHA,True
KERALA,ERNAKULAM,529,KERALA,ERNAKULAM,True
KERALA,IDUKKI,112,KERALA,IDUKKI,True
KERALA,KANNUR,195,KERALA,KANNUR,True
KERALA,KASARAGOD,114,KERALA,KASARAGOD,True
KERALA,KOLLAM,255,KERALA,KOLLAM,True
KERALA,KOTTAYAM,276,KERALA,KOTTAYAM,True
KERALA,KOZHIKODE,262,KERALA,KOZHIKODE,True
KERALA,MALAPPURAM,208,KERALA,MALAPPURAM,True
KERALA,PALAKKAD,279,KERALA,PALAKKAD,True
KERALA,PATHANAMTHITTA,194,KERALA,PATHANAMTHITTA,True
KERALA,THIRUVANANTHAPURAM,481,KERALA,THIRUVANANTHAPURAM,True
KERALA,THRISSUR,319,KERALA,THRISSUR,True
KERALA,WAYANAD,75,KERALA,WAYANAD,True
LADAKH,CHANGTHANG,3,LADAKH,CHANGTHANG,False
LADAKH,DRASS,1,LADAKH,DRASS,False
LADAKH,KARGIL,10,JAMMU & KASHMIR,KARGIL,True
LADAKH,LEH,22,JAMMU & KASHMIR,LEH(LADAKH),True
LADAKH,NUBRA,2,LADAKH,NUBRA,False
LADAKH,SHAM,4,LADAKH,SHAM,False
LADAKH,ZANSKAR,1,LADAKH,ZANSKAR,False
LAKSHADWEEP,LAKSHADWEEP,16,LAKSHADWEEP,LAKSHADWEEP,True
MADHYA PRADESH,AGAR-MALWA,27,MADHYA PRADESH,AGAR-MALWA,False
MADHYA PRADESH,ALIRAJPUR,18,MADHYA PRADESH,ALIRAJPUR,True
MADHYA PRADESH,ANUPPUR,34,MADHYA PRADESH,ANUPPUR,True
MADHYA PRADESH,ASHOKNAGAR,41,MADHYA PRADESH,ASHOKNAGAR,True
MADHYA PRADESH,BALAGHAT,76,MADHYA PRADESH,BALAGHAT,True
MADHYA PRADESH,BARWANI,58,MADHYA PRADESH,BARWANI,True
MADHYA PRADESH,BETUL,108,MADHYA PRADESH,BETUL,True
MADHYA PRADESH,BHIND,58,MADHYA PRADESH,BHIND,True
MADHYA PRADESH,BHOPAL,378,MADHYA PRADESH,BHOPAL,True
MADHYA PRADESH,BURHANPUR,41,MADHYA PRADESH,BURHANPUR,True
MADHYA PRADESH,CHHATARPUR,64,MADHYA PRADESH,CHHATARPUR,True
MADHYA PRADESH,CHHINDWARA,93,MADHYA PRADESH,CHHINDWARA,True
MADHYA PRADESH,DAMOH,46,MADHYA PRADESH,DAMOH,True
MADHYA PRADESH,DATIA,40,MADHYA PRADESH,DATIA,True
MADHYA PRADESH,DEWAS,77,MADHYA PRADESH,DEWAS,True
MADHYA PRADESH,DHAR,104,MADHYA PRADESH,DHAR,True
MADHYA PRADESH,DINDORI,25,MADHYA PRADESH,DINDORI,True
MADHYA PRADESH,EAST NIMAR,72,MADHYA PRADESH,KHANDWA (EAST NIMAR),True
MADHYA PRADESH,GUNA,51,MADHYA PRADESH,GUNA,True
MADHYA PRADESH,GWALIOR,188,MADHYA PRADESH,GWALIOR,True
MADHYA PRADESH,HARDA,46,MADHYA PRADESH,HARDA,True
MADHYA PRADESH,INDORE,417,MADHYA PRADESH,INDORE,True
MADHYA PRADESH,JABALPUR,257,MADHYA PRADESH,JABALPUR,True
MADHYA PRADESH,JHABUA,27,MADHYA PRADESH,JHABUA,True
MADHYA PRADESH,KATNI,76,MADHYA PRADESH,KATNI,True
MADHYA PRADESH,MAIHAR,25,MADHYA PRADESH,MAIHAR,False
MADHYA PRADESH,MANDLA,48,MADHYA PRADESH,MANDLA,True
MADHYA PRADESH,MANDSAUR,70,MADHYA PRADESH,MANDSAUR,True
MADHYA PRADESH,MAUGANJ,15,MADHYA PRADESH,MAUGANJ,False
MADHYA PRADESH,MORENA,67,MADHYA PRADESH,MORENA,True
MADHYA PRADESH,NARMADAPURAM,98,MADHYA PRADESH,HOSHANGABAD,True
MADHYA PRADESH,NARSIMHAPUR,74,MADHYA PRADESH,NARSIMHAPUR,True
MADHYA PRADESH,NEEMUCH,46,MADHYA PRADESH,NEEMUCH,True
MADHYA PRADESH,NIWARI,18,MADHYA PRADESH,NIWARI,False
MADHYA PRADESH,PANDHURNA,31,MADHYA PRADESH,PANDHURNA,False
MADHYA PRADESH,PANNA,36,MADHYA PRADESH,PANNA,True
MADHYA PRADESH,RAISEN,79,MADHYA PRADESH,RAISEN,True
MADHYA PRADESH,RAJGARH,66,MADHYA PRADESH,RAJGARH,True
MADHYA PRADESH,RATLAM,92,MADHYA PRADESH,RATLAM,True
MADHYA PRADESH,REWA,87,MADHYA PRADESH,REWA,True
MADHYA PRADESH,SAGAR,132,MADHYA PRADESH,SAGAR,True
MADHYA PRADESH,SATNA,72,MADHYA PRADESH,SATNA,True
MADHYA PRADESH,SEHORE,99,MADHYA PRADESH,SEHORE,True
MADHYA PRADESH,SEONI,50,MADHYA PRADESH,SEONI,True
MADHYA PRADESH,SHAHDOL,45,MADHYA PRADESH,SHAHDOL,True
MADHYA PRADESH,SHAJAPUR,55,MADHYA PRADESH,SHAJAPUR,True
MADHYA PRADESH,SHEOPUR,21,MADHYA PRADESH,SHEOPUR,True
MADHYA PRADESH,SHIVPURI,48,MADHYA PRADESH,SHIVPURI,True
MADHYA PRADESH,SIDHI,38,MADHYA PRADESH,SIDHI,True
MADHYA PRADESH,SINGRAULI,56,MADHYA PRADESH,SINGRAULI,True
MADHYA PRADESH,TIKAMGARH,26,MADHYA PRADESH,TIKAMGARH,True
MADHYA PRADESH,UJJAIN,138,MADHYA PRADESH,UJJAIN,True
MADHYA PRADESH,UMARIA,25,MADHYA PRADESH,UMARIA,True
MADHYA PRADESH,VIDISHA,83,MADHYA PRADESH,VIDISHA,True
MADHYA PRADESH,WEST NIMAR,85,MADHYA PRADESH,KHARGONE (WEST NIMAR),True
MAHARASHTRA,AHILYANAGAR,295,MAHARASHTRA,AHMADNAGAR,True
MAHARASHTRA,AKOLA,108,MAHARASHTRA,AKOLA,True
MAHARASHTRA,AMRAVATI,210,MAHARASHTRA,AMRAVATI,True
MAHARASHTRA,BHANDARA,81,MAHARASHTRA,BHANDARA,True
MAHARASHTRA,BID,84,MAHARASHTRA,BID,True
MAHARASHTRA,BULDHANA,133,MAHARASHTRA,BULDANA,True
MAHARASHTRA,CHANDRAPUR,141,MAHARASHTRA,CHANDRAPUR,True
MAHARASHTRA,CHHATRAPATI SAMBHAJINAGAR,203,MAHARASHTRA,AURANGABAD,True
MAHARASHTRA,DHARASHIV,61,MAHARASHTRA,OSMANABAD,True
MAHARASHTRA,DHULE,98,MAHARASHTRA,DHULE,True
MAHARASHTRA,GADCHIROLI,47,MAHARASHTRA,GADCHIROLI,True
MAHARASHTRA,GONDIA,63,MAHARASHTRA,GONDIYA,True
MAHARASHTRA,HINGOLI,39,MAHARASHTRA,HINGOLI,True
MAHARASHTRA,JALGAON,207,MAHARASHTRA,JALGAON,True
MAHARASHTRA,JALNA,68,MAHARASHTRA,JALNA,True
MAHARASHTRA,KOLHAPUR,234,MAHARASHTRA,KOLHAPUR,True
MAHARASHTRA,LATUR,99,MAHARASHTRA,LATUR,True
MAHARASHTRA,MUMBAI,499,MAHARASHTRA,MUMBAI,True
MAHARASHTRA,MUMBAI SUBURBAN,738,MAHARASHTRA,MUMBAI SUBURBAN,True
MAHARASHTRA,NAGPUR,492,MAHARASHTRA,NAGPUR,True
MAHARASHTRA,NANDED,119,MAHARASHTRA,NANDED,True
MAHARASHTRA,NANDURBAR,71,MAHARASHTRA,NANDURBAR,True
MAHARASHTRA,NASIK,390,MAHARASHTRA,NASHIK,True
MAHARASHTRA,PALGHAR,191,MAHARASHTRA,PALGHAR,False
MAHARASHTRA,PARBHANI,57,MAHARASHTRA,PARBHANI,True
MAHARASHTRA,PUNE,931,MAHARASHTRA,PUNE,True
MAHARASHTRA,RAIGAD,327,MAHARASHTRA,RAIGARH,True
MAHARASHTRA,RATNAGIRI,159,MAHARASHTRA,RATNAGIRI,True
MAHARASHTRA,SANGLI,163,MAHARASHTRA,SANGLI,True
MAHARASHTRA,SATARA,187,MAHARASHTRA,SATARA,True
MAHARASHTRA,SINDHUDURG,113,MAHARASHTRA,SINDHUDURG,True
MAHARASHTRA,SOLAPUR,230,MAHARASHTRA,SOLAPUR,True
MAHARASHTRA,THANE,567,MAHARASHTRA,THANE,True
MAHARASHTRA,WARDHA,115,MAHARASHTRA,WARDHA,True
MAHARASHTRA,WASHIM,52,MAHARASHTRA,WASHIM,True
MAHARASHTRA,YAVATMAL,132,MAHARASHTRA,YAVATMAL,True
MANIPUR,BISHENPUR,13,MANIPUR,BISHNUPUR,True
MANIPUR,CHANDEL,4,MANIPUR,CHANDEL,True
MANIPUR,CHURACHANDPUR,18,MANIPUR,CHURACHANDPUR,True
MANIPUR,IMPHAL EAST,24,MANIPUR,IMPHAL EAST,True
MANIPUR,IMPHAL WEST,46,MANIPUR,IMPHAL WEST,True
MANIPUR,JIRIBAM,2,MANIPUR,JIRIBAM,False
MANIPUR,KAKCHING,6,MANIPUR,KAKCHING,False
MANIPUR,KAMJONG,2,MANIPUR,KAMJONG,False
MANIPUR,KANGPOKPI,7,MANIPUR,KANGPOKPI,False
MANIPUR,NONEY,4,MANIPUR,NONEY,False
MANIPUR,PHERZAWAL,2,MANIPUR,PHERZAWAL,False
MANIPUR,SENAPATI,18,MANIPUR,SENAPATI,True
MANIPUR,TAMENGLONG,5,MANIPUR,TAMENGLONG,True
MANIPUR,TENGNOUPAL,5,MANIPUR,TENGNOUPAL,False
MANIPUR,THOUBAL,12,MANIPUR,THOUBAL,True
MANIPUR,UKHRUL,9,MANIPUR,UKHRUL,True
MEGHALAYA,EAST GARO HILLS,7,MEGHALAYA,EAST GARO HILLS,True
MEGHALAYA,EAST JAINTIA HILLS,8,MEGHALAYA,EAST JAINTIA HILLS,False
MEGHALAYA,EAST KHASI HILLS,88,MEGHALAYA,EAST KHASI HILLS,True
MEGHALAYA,EASTERN WEST KHASI HILLS,3,MEGHALAYA,EASTERN WEST KHASI HILLS,False
MEGHALAYA,NORTH GARO HILLS,8,MEGHALAYA,NORTH GARO HILLS,False
MEGHALAYA,RI BHOI,21,MEGHALAYA,RIBHOI,True
MEGHALAYA,SOUTH GARO HILLS,4,MEGHALAYA,SOUTH GARO HILLS,True
MEGHALAYA,SOUTH WEST GARO HILLS,7,MEGHALAYA,SOUTH WEST GARO HILLS,False
MEGHALAYA,SOUTH WEST KHASI HILLS,4,MEGHALAYA,SOUTH WEST KHASI HILLS,False
MEGHALAYA,WEST GARO HILLS,23,MEGHALAYA,WEST GARO HILLS,True
MEGHALAYA,WEST JAINTIA HILLS,17,MEGHALAYA,JAINTIA HILLS,True
MEGHALAYA,WEST KHASI HILLS,6,MEGHALAYA,WEST KHASI HILLS,True
MIZORAM,AIZAWL,48,MIZORAM,AIZAWL,True
MIZORAM,CHAMPHAI,4,MIZORAM,CHAMPHAI,True
MIZORAM,HNAHTHIAL,1,MIZORAM,HNAHTHIAL,False
MIZORAM,KHAWZAWL,4,MIZORAM,KHAWZAWL,False
MIZORAM,KOLASIB,9,MIZORAM,KOLASIB,True
MIZORAM,LAWNGTLAI,4,MIZORAM,LAWNGTLAI,True
MIZORAM,LUNGLEI,8,MIZORAM,LUNGLEI,True
MIZORAM,MAMIT,4,MIZORAM,MAMIT,True
MIZORAM,SAITUAL,3,MIZORAM,SAITUAL,False
MIZORAM,SERCHHIP,5,MIZORAM,SERCHHIP,True
MIZORAM,SIAHA,1,MIZORAM,SAIHA,True
NAGALAND,CHUMOUKEDIMA,15,NAGALAND,CHUMOUKEDIMA,False
NAGALAND,DIMAPUR,28,NAGALAND,DIMAPUR,True
NAGALAND,KIPHIRE,2,NAGALAND,KIPHIRE,True
NAGALAND,KOHIMA,29,NAGALAND,KOHIMA,True
NAGALAND,LONGLENG,2,NAGALAND,LONGLENG,True
NAGALAND,MELURI,1,NAGALAND,MELURI,False
NAGALAND,MOKOKCHUNG,17,NAGALAND,MOKOKCHUNG,True
NAGALAND,MON,14,NAGALAND,MON,True
NAGALAND,NIULAND,1,NAGALAND,NIULAND,False
NAGALAND,NOKLAK,1,NAGALAND,NOKLAK,False
NAGALAND,PEREN,4,NAGALAND,PEREN,True
NAGALAND,PHEK,6,NAGALAND,PHEK,True
NAGALAND,SHAMATOR,1,NAGALAND,SHAMATOR,False
NAGALAND,TSEMINYU,2,NAGALAND,TSEMINYU,False
NAGALAND,TUENSANG,7,NAGALAND,TUENSANG,True
NAGALAND,WOKHA,10,NAGALAND,WOKHA,True
NAGALAND,ZUNHEBOTO,9,NAGALAND,ZUNHEBOTO,True
NCT OF DELHI,CENTRAL DELHI,221,NCT OF DELHI,CENTRAL,True
NCT OF DELHI,EAST DELHI,111,NCT OF DELHI,EAST,True
NCT OF DELHI,NEW DELHI,210,NCT OF DELHI,NEW DELHI,True
NCT OF DELHI,NORTH DELHI,338,NCT OF DELHI,NORTH,True
NCT OF DELHI,NORTH-EAST DELHI,40,NCT OF DELHI,NORTH EAST,True
NCT OF DELHI,NORTH-WEST DELHI,207,NCT OF DELHI,NORTH WEST,True
NCT OF DELHI,SHAHDARA,92,NCT OF DELHI,SHAHDARA,False
NCT OF DELHI,SOUTH DELHI,178,NCT OF DELHI,SOUTH,True
NCT OF DELHI,SOUTH-EAST DELHI,175,NCT OF DELHI,SOUTH-EAST DELHI,False
NCT OF DELHI,SOUTH-WEST DELHI,209,NCT OF DELHI,SOUTH WEST,True
NCT OF DELHI,WEST DELHI,278,NCT OF DELHI,WEST,True
ODISHA,ANUGUL,101,ODISHA,ANUGUL,True
ODISHA,BALANGIR,94,ODISHA,BALANGIR,True
ODISHA,BALESHWAR,151,ODISHA,BALESHWAR,True
ODISHA,BARGARH,97,ODISHA,BARGARH,True
ODISHA,BHADRAK,91,ODISHA,BHADRAK,True
ODISHA,BOUDH,31,ODISHA,BAUDH,True
ODISHA,CUTTACK,283,ODISHA,CUTTACK,True
ODISHA,DEOGARH,26,ODISHA,DEBAGARH,True
ODISHA,DHENKANAL,79,ODISHA,DHENKANAL,True
ODISHA,GAJAPATI,40,ODISHA,GAJAPATI,True
ODISHA,GANJAM,281,ODISHA,GANJAM,True
ODISHA,JAGATSINGHPUR,96,ODISHA,JAGATSINGHAPUR,True
ODISHA,JAJPUR,130,ODISHA,JAJAPUR,True
ODISHA,JHARSUGUDA,62,ODISHA,JHARSUGUDA,True
ODISHA,KALAHANDI,81,ODISHA,KALAHANDI,True
ODISHA,KANDHAMAL,46,ODISHA,KANDHAMAL,True
ODISHA,KENDRAPARA,84,ODISHA,KENDRAPARA,True
ODISHA,KEONJHAR,121,ODISHA,KENDUJHAR,True
ODISHA,KHURDA,460,ODISHA,KHORDHA,True
ODISHA,KORAPUT,67,ODISHA,KORAPUT,True
ODISHA,MALKANGIRI,29,ODISHA,MALKANGIRI,True
ODISHA,MAYURBHANJ,156,ODISHA,MAYURBHANJ,True
ODISHA,NAWAPARA,37,ODISHA,NUAPADA,True
ODISHA,NAWRANGPUR,38,ODISHA,NABARANGAPUR,True
ODISHA,NAYAGARH,75,ODISHA,NAYAGARH,True
ODISHA,PURI,134,ODISHA,PURI,True
ODISHA,RAYAGADA,61,ODISHA,RAYAGADA,True
ODISHA,SAMBALPUR,125,ODISHA,SAMBALPUR,True
ODISHA,SONEPUR,37,ODISHA,SUBARNAPUR,True
ODISHA,SUNDARGARH,177,ODISHA,SUNDARGARH,True
PUNJAB,AMRITSAR,327,PUNJAB,AMRITSAR,True
PUNJAB,BARNALA,74,PUNJAB,BARNALA,True
PUNJAB,BATHINDA,210,PUNJAB,BATHINDA,True
PUNJAB,FARIDKOT,82,PUNJAB,FARIDKOT,True
PUNJAB,FATEHGARH SAHIB,91,PUNJAB,FATEHGARH SAHIB,True
PUNJAB,FAZILKA,102,PUNJAB,FAZILKA,False
PUNJAB,FEROZPUR,102,PUNJAB,FIROZPUR,True
PUNJAB,GURDASPUR,180,PUNJAB,GURDASPUR,True
PUNJAB,HOSHIARPUR,232,PUNJAB,HOSHIARPUR,True
PUNJAB,JALANDHAR,464,PUNJAB,JALANDHAR,True
PUNJAB,KAPURTHALA,146,PUNJAB,KAPURTHALA,True
PUNJAB,LUDHIANA,563,PUNJAB,LUDHIANA,True
PUNJAB,MALERKOTLA,44,PUNJAB,MALERKOTLA,False
PUNJAB,MANSA,75,PUNJAB,MANSA,True
PUNJAB,MOGA,138,PUNJAB,MOGA,True
PUNJAB,MUKTSAR,103,PUNJAB,MUKTSAR,True
PUNJAB,PATHANKOT,87,PUNJAB,PATHANKOT,False
PUNJAB,PATIALA,266,PUNJAB,PATIALA,True
PUNJAB,RUPNAGAR,95,PUNJAB,RUPNAGAR,True
PUNJAB,SAHIBZADA AJIT SINGH NAGAR,260,PUNJAB,SAHIBZADA AJIT SINGH NAGAR,True
PUNJAB,SANGRUR,143,PUNJAB,SANGRUR,True
PUNJAB,SHAHID BHAGAT SINGH NAGAR,112,PUNJAB,SHAHID BHAGAT SINGH NAGAR,True
PUNJAB,TARN TARAN,99,PUNJAB,TARN TARAN,True
RAJASTHAN,AJMER,184,RAJASTHAN,AJMER,True
RAJASTHAN,ALWAR,115,RAJASTHAN,ALWAR,True
RAJASTHAN,BALOTRA,46,RAJASTHAN,BALOTRA,False
RAJASTHAN,BANSWARA,69,RAJASTHAN,BANSWARA,True
RAJASTHAN,BARAN,61,RAJASTHAN,BARAN,True
RAJASTHAN,BARMER,50,RAJASTHAN,BARMER,True
RAJASTHAN,BEAWAR,61,RAJASTHAN,BEAWAR,False
RAJASTHAN,BHARATPUR,77,RAJASTHAN,BHARATPUR,True
RAJASTHAN,BHILWARA,126,RAJASTHAN,BHILWARA,True
RAJASTHAN,BIKANER,202,RAJASTHAN,BIKANER,True
RAJASTHAN,BUNDI,63,RAJASTHAN,BUNDI,True
RAJASTHAN,CHITTAURGARH,94,RAJASTHAN,CHITTAURGARH,True
RAJASTHAN,CHURU,101,RAJASTHAN,CHURU,True
RAJASTHAN,DAUSA,92,RAJASTHAN,DAUSA,True
RAJASTHAN,DEEG,41,RAJASTHAN,DEEG,False
RAJASTHAN,DHOLPUR,41,RAJASTHAN,DHAULPUR,True
RAJASTHAN,DIDWANA-KUCHAMAN,62,RAJASTHAN,DIDWANA-KUCHAMAN,False
RAJASTHAN,DUNGARPUR,63,RAJASTHAN,DUNGARPUR,True
RAJASTHAN,GANGANAGAR,210,RAJASTHAN,GANGANAGAR,True
RAJASTHAN,HANUMANGARH,135,RAJASTHAN,HANUMANGARH,True
RAJASTHAN,JAIPUR,682,RAJASTHAN,JAIPUR,True
RAJASTHAN,JAISALMER,44,RAJASTHAN,JAISALMER,True
RAJASTHAN,JALOR,60,RAJASTHAN,JALOR,True
RAJASTHAN,JHALAWAR,65,RAJASTHAN,JHALAWAR,True
RAJASTHAN,JHUNJHUNU,122,RAJASTHAN,JHUNJHUNUN,True
RAJASTHAN,JODHPUR,268,RAJASTHAN,JODHPUR,True
RAJASTHAN,KARAULI,71,RAJASTHAN,KARAULI,True
RAJASTHAN,KHAIRTHAL-TIJARA,68,RAJASTHAN,KHAIRTHAL-TIJARA,False
RAJASTHAN,KOTA,162,RAJASTHAN,KOTA,True
RAJASTHAN,KOTPUTLI-BEHROR,76,RAJASTHAN,KOTPUTLI-BEHROR,False
RAJASTHAN,NAGAUR,77,RAJASTHAN,NAGAUR,True
RAJASTHAN,PALI,76,RAJASTHAN,PALI,True
RAJASTHAN,PHALODI,29,RAJASTHAN,PHALODI,False
RAJASTHAN,PRATAPGARH,34,RAJASTHAN,PRATAPGARH,True
RAJASTHAN,RAJSAMAND,65,RAJASTHAN,RAJSAMAND,True
RAJASTHAN,SALUMBER,19,RAJASTHAN,SALUMBER,False
RAJASTHAN,SAWAI MADHOPUR,103,RAJASTHAN,SAWAI MADHOPUR,True
RAJASTHAN,SIKAR,140,RAJASTHAN,SIKAR,True
RAJASTHAN,SIROHI,56,RAJASTHAN,SIROHI,True
RAJASTHAN,TONK,94,RAJASTHAN,TONK,True
RAJASTHAN,UDAIPUR,189,RAJASTHAN,UDAIPUR,True
SIKKIM,GANGTOK,49,SIKKIM,EAST DISTRICT,True
SIKKIM,GYALSHING,8,SIKKIM,WEST DISTRICT,True
SIKKIM,MANGAN,11,SIKKIM,NORTH DISTRICT,True
SIKKIM,NAMCHI,23,SIKKIM,SOUTH DISTRICT,True
SIKKIM,PAKYONG,16,SIKKIM,PAKYONG,False
SIKKIM,SORENG,6,SIKKIM,SORENG,False
TAMIL NADU,ARIYALUR,49,TAMIL NADU,ARIYALUR,True
TAMIL NADU,CHENGALPATTU,268,TAMIL NADU,CHENGALPATTU,False
TAMIL NADU,CHENNAI,980,TAMIL NADU,CHENNAI,True
TAMIL NADU,COIMBATORE,482,TAMIL NADU,COIMBATORE,True
TAMIL NADU,CUDDALORE,172,TAMIL NADU,CUDDALORE,True
TAMIL NADU,DHARMAPURI,90,TAMIL NADU,DHARMAPURI,True
TAMIL NADU,DINDIGUL,189,TAMIL NADU,DINDIGUL,True
TAMIL NADU,ERODE,219,TAMIL NADU,ERODE,True
TAMIL NADU,KALLAKURICHI,69,TAMIL NADU,KALLAKURICHI,False
TAMIL NADU,KANCHEEPURAM,126,TAMIL NADU,KANCHEEPURAM,True
TAMIL NADU,KANYAKUMARI,200,TAMIL NADU,KANNIYAKUMARI,True
TAMIL NADU,KARUR,87,TAMIL NADU,KARUR,True
TAMIL NADU,KRISHNAGIRI,144,TAMIL NADU,KRISHNAGIRI,True
TAMIL NADU,MADURAI,311,TAMIL NADU,MADURAI,True
TAMIL NADU,MAYILADUTHURAI,63,TAMIL NADU,MAYILADUTHURAI,False
TAMIL NADU,NAGAPATTINAM,56,TAMIL NADU,NAGAPATTINAM,True
TAMIL NADU,NAMAKKAL,159,TAMIL NADU,NAMAKKAL,True
TAMIL NADU,NILGIRIS,75,TAMIL NADU,THE NILGIRIS,True
TAMIL NADU,PERAMBALUR,52,TAMIL NADU,PERAMBALUR,True
TAMIL NADU,PUDUKKOTTAI,128,TAMIL NADU,PUDUKKOTTAI,True
TAMIL NADU,RAMANATHAPURAM,85,TAMIL NADU,RAMANATHAPURAM,True
TAMIL NADU,RANIPET,93,TAMIL NADU,RANIPET,False
TAMIL NADU,SALEM,241,TAMIL NADU,SALEM,True
TAMIL NADU,SIVAGANGA,159,TAMIL NADU,SIVAGANGA,True
TAMIL NADU,TENKASI,96,TAMIL NADU,TENKASI,False
TAMIL NADU,THANJAVUR,199,TAMIL NADU,THANJAVUR,True
TAMIL NADU,THENI,95,TAMIL NADU,THENI,True
TAMIL NADU,THIRUVALLUR,216,TAMIL NADU,THIRUVALLUR,True
TAMIL NADU,THIRUVARUR,92,TAMIL NADU,THIRUVARUR,True
TAMIL NADU,TIRUCHIRAPALLI,276,TAMIL NADU,TIRUCHIRAPPALLI,True
TAMIL NADU,TIRUNELVALI,155,TAMIL NADU,TIRUNELVELI,True
TAMIL NADU,TIRUPATHUR,76,TAMIL NADU,TIRUPATHUR,False
TAMIL NADU,TIRUPPUR,225,TAMIL NADU,TIRUPPUR,True
TAMIL NADU,TIRUVANNAMALAI,159,TAMIL NADU,TIRUVANNAMALAI,True
TAMIL NADU,TOOTHUKUDI,146,TAMIL NADU,THOOTHUKKUDI,True
TAMIL NADU,VELLORE,117,TAMIL NADU,VELLORE,True
TAMIL NADU,VILLUPURAM,119,TAMIL NADU,VILUPPURAM,True
TAMIL NADU,VIRUDHUNAGAR,130,TAMIL NADU,VIRUDHUNAGAR,True
TELANGANA,ADILABAD,38,ANDHRA PRADESH,ADILABAD,True
TELANGANA,BHADRADRI (KOTHAGUDEM),84,ANDHRA PRADESH,KHAMMAM,True
TELANGANA,HANUMAKONDA,111,ANDHRA PRADESH,WARANGAL,True
TELANGANA,HYDERABAD,677,ANDHRA PRADESH,HYDERABAD,True
TELANGANA,JAGITIAL,56,ANDHRA PRADESH,KARIMNAGAR,True
TELANGANA,JANGAON,32,ANDHRA PRADESH,WARANGAL,True
TELANGANA,JAYASHANKAR (BHUPALPALLI),21,TELANGANA,JAYASHANKAR (BHUPALPALLI),False
TELANGANA,JOGULAMBA (GADWAL),34,ANDHRA PRADESH,MAHBUBNAGAR,True
TELANGANA,KAMAREDDY,59,ANDHRA PRADESH,NIZAMABAD,True
TELANGANA,KARIMNAGAR,108,ANDHRA PRADESH,KARIMNAGAR,True
TELANGANA,KHAMMAM,116,ANDHRA PRADESH,KHAMMAM,True
TELANGANA,KOMRAM BHEEM (ASIFABAD),23,ANDHRA PRADESH,ADILABAD,True
TELANGANA,MAHABUBABAD,39,ANDHRA PRADESH,WARANGAL,True
TELANGANA,MAHBUBNAGAR,74,ANDHRA PRADESH,MAHBUBNAGAR,True
TELANGANA,MANCHERIAL,54,ANDHRA PRADESH,ADILABAD,True
TELANGANA,MEDAK,50,ANDHRA PRADESH,MEDAK,True
TELANGANA,MEDCHAL-MALKAJGIRI,427,ANDHRA PRADESH,RANGAREDDY,True
TELANGANA,MULUGU,21,TELANGANA,MULUGU,False
TELANGANA,NAGARKURNOOL,49,ANDHRA PRADESH,MAHBUBNAGAR,True
TELANGANA,NALGONDA,119,ANDHRA PRADESH,NALGONDA,True
TELANGANA,NARAYANPET,32,TELANGANA,NARAYANPET,False
TELANGANA,NIRMAL,42,ANDHRA PRADESH,ADILABAD,True
TELANGANA,NIZAMABAD,162,ANDHRA PRADESH,NIZAMABAD,True
TELANGANA,PEDDAPALLI,62,ANDHRA PRADESH,KARIMNAGAR,True
TELANGANA,RAJANNA(SIRCILLA),34,ANDHRA PRADESH,KARIMNAGAR,True
TELANGANA,RANGAREDDI,288,ANDHRA PRADESH,RANGAREDDY,True
TELANGANA,SANGAREDDY,127,ANDHRA PRADESH,MEDAK,True
TELANGANA,SIDDIPET,71,ANDHRA PRADESH,MEDAK,True
TELANGANA,SURYAPET,99,ANDHRA PRADESH,NALGONDA,True
TELANGANA,VIKARABAD,55,ANDHRA PRADESH,RANGAREDDY,True
TELANGANA,WANAPARTHY,36,ANDHRA PRADESH,MAHBUBNAGAR,True
TELANGANA,WARANGAL,61,ANDHRA PRADESH,WARANGAL,True
TELANGANA,YADADRI BHUVANAGIRI,56,ANDHRA PRADESH,NALGONDA,True
TRIPURA,DHALAI,23,TRIPURA,DHALAI,True
TRIPURA,GOMATI,24,TRIPURA,GOMATI,False
TRIPURA,KHOWAI,9,TRIPURA,KHOWAI,False
TRIPURA,NORTH TRIPURA,30,TRIPURA,NORTH TRIPURA,True
TRIPURA,SEPAHIJALA,18,TRIPURA,SEPAHIJALA,False
TRIPURA,SOUTH TRIPURA,28,TRIPURA,SOUTH TRIPURA,True
TRIPURA,UNAKOTI,7,TRIPURA,UNAKOTI,False
TRIPURA,WEST TRIPURA,121,TRIPURA,WEST TRIPURA,True
UTTAR PRADESH,AGRA,365,UTTAR PRADESH,AGRA,True
UTTAR PRADESH,ALIGARH,187,UTTAR PRADESH,ALIGARH,True
UTTAR PRADESH,AMBEDKAR NAGAR,110,UTTAR PRADESH,AMBEDKAR NAGAR,True
UTTAR PRADESH,AMETHI,114,UTTAR PRADESH,AMETHI,False
UTTAR PRADESH,AMROHA,65,UTTAR PRADESH,JYOTIBA PHULE NAGAR,True
UTTAR PRADESH,AURAIYA,66,UTTAR PRADESH,AURAIYA,True
UTTAR PRADESH,AYODHYA,151,UTTAR PRADESH,FAIZABAD,True
UTTAR PRADESH,AZAMGARH,209,UTTAR PRADESH,AZAMGARH,True
UTTAR PRADESH,BAGHPAT,109,UTTAR PRADESH,BAGHPAT,True
UTTAR PRADESH,BAHRAICH,90,UTTAR PRADESH,BAHRAICH,True
UTTAR PRADESH,BALLIA,121,UTTAR PRADESH,BALLIA,True
UTTAR PRADESH,BALRAMPUR,69,UTTAR PRADESH,BALRAMPUR,True
UTTAR PRADESH,BANDA,59,UTTAR PRADESH,BANDA,True
UTTAR PRADESH,BARA BANKI,133,UTTAR PRADESH,BARA BANKI,True
UTTAR PRADESH,BAREILLY,256,UTTAR PRADESH,BAREILLY,True
UTTAR PRADESH,BASTI,98,UTTAR PRADESH,BASTI,True
UTTAR PRADESH,BIJNOR,164,UTTAR PRADESH,BIJNOR,True
UTTAR PRADESH,BUDAUN,96,UTTAR PRADESH,BUDAUN,True
UTTAR PRADESH,BULANDSHAHR,190,UTTAR PRADESH,BULANDSHAHR,True
UTTAR PRADESH,CHANDAULI,97,UTTAR PRADESH,CHANDAULI,True
UTTAR PRADESH,CHITRAKOOT,32,UTTAR PRADESH,CHITRAKOOT,True
UTTAR PRADESH,DEORIA,129,UTTAR PRADESH,DEORIA,True
UTTAR PRADESH,ETAH,71,UTTAR PRADESH,ETAH,True
UTTAR PRADESH,ETAWAH,80,UTTAR PRADESH,ETAWAH,True
UTTAR PRADESH,FARRUKHABAD,58,UTTAR PRADESH,FARRUKHABAD,True
UTTAR PRADESH,FATEHPUR,102,UTTAR PRADESH,FATEHPUR,True
UTTAR PRADESH,FIROZABAD,107,UTTAR PRADESH,FIROZABAD,True
UTTAR PRADESH,GAUTAM BUDDHA NAGAR,324,UTTAR PRADESH,GAUTAM BUDDHA NAGAR,True
UTTAR PRADESH,GHAZIABAD,323,UTTAR PRADESH,GHAZIABAD,True
UTTAR PRADESH,GHAZIPUR,182,UTTAR PRADESH,GHAZIPUR,True
UTTAR PRADESH,GONDA,121,UTTAR PRADESH,GONDA,True
UTTAR PRADESH,GORAKHPUR,291,UTTAR PRADESH,GORAKHPUR,True
UTTAR PRADESH,HAMIRPUR,56,UTTAR PRADESH,HAMIRPUR,True
UTTAR PRADESH,HAPUR,105,UTTAR PRADESH,HAPUR,False
UTTAR PRADESH,HARDOI,164,UTTAR PRADESH,HARDOI,True
UTTAR PRADESH,HATHRAS,79,UTTAR PRADESH,MAHAMAYA NAGAR,True
UTTAR PRADESH,JALAUN,72,UTTAR PRADESH,JALAUN,True
UTTAR PRADESH,JAUNPUR,200,UTTAR PRADESH,JAUNPUR,True
UTTAR PRADESH,JHANSI,145,UTTAR PRADESH,JHANSI,True
UTTAR PRADESH,KANAUJ,69,UTTAR PRADESH,KANNAUJ,True
UTTAR PRADESH,KANPUR DEHAT,89,UTTAR PRADESH,KANPUR DEHAT,True
UTTAR PRADESH,KANPUR NAGAR,458,UTTAR PRADESH,KANPUR NAGAR,True
UTTAR PRADESH,KASGANJ,51,UTTAR PRADESH,KANSHIRAM NAGAR,True
UTTAR PRADESH,KAUSHAMBI,84,UTTAR PRADESH,KAUSHAMBI,True
UTTAR PRADESH,KHERI,168,UTTAR PRADESH,KHERI,True
UTTAR PRADESH,KUSHI NAGAR,115,UTTAR PRADESH,KUSHINAGAR,True
UTTAR PRADESH,LALITPUR,57,UTTAR PRADESH,LALITPUR,True
UTTAR PRADESH,LUCKNOW,727,UTTAR PRADESH,LUCKNOW,True
UTTAR PRADESH,MAHARAJGANJ,91,UTTAR PRADESH,MAHRAJGANJ,True
UTTAR PRADESH,MAHOBA,39,UTTAR PRADESH,MAHOBA,True
UTTAR PRADESH,MAINPURI,68,UTTAR PRADESH,MAINPURI,True
UTTAR PRADESH,MATHURA,226,UTTAR PRADESH,MATHURA,True
UTTAR PRADESH,MAU,98,UTTAR PRADESH,MAU,True
UTTAR PRADESH,MEERUT,343,UTTAR PRADESH,MEERUT,True
UTTAR PRADESH,MIRZAPUR,123,UTTAR PRADESH,MIRZAPUR,True
UTTAR PRADESH,MORADABAD,140,UTTAR PRADESH,MORADABAD,True
UTTAR PRADESH,MUZAFFARNAGAR,199,UTTAR PRADESH,MUZAFFARNAGAR,True
UTTAR PRADESH,PILIBHIT,104,UTTAR PRADESH,PILIBHIT,True
UTTAR PRADESH,PRATAPGARH,131,UTTAR PRADESH,PRATAPGARH,True
UTTAR PRADESH,PRAYAGRAJ,358,UTTAR PRADESH,ALLAHABAD,True
UTTAR PRADESH,RAI BARELI,192,UTTAR PRADESH,RAE BARELI,True
UTTAR PRADESH,RAMPUR,100,UTTAR PRADESH,RAMPUR,True
UTTAR PRADESH,SAHARANPUR,223,UTTAR PRADESH,SAHARANPUR,True
UTTAR PRADESH,SAMBHAL,60,UTTAR PRADESH,SAMBHAL,False
UTTAR PRADESH,SANT KABIR NAGAR,59,UTTAR PRADESH,SANT KABIR NAGAR,True
UTTAR PRADESH,SANT RAVIDAS NAGAR,81,UTTAR PRADESH,SANT RAVIDAS NAGAR (BHADOHI),True
UTTAR PRADESH,SHAHJAHANPUR,154,UTTAR PRADESH,SHAHJAHANPUR,True
UTTAR PRADESH,SHAMLI,75,UTTAR PRADESH,SHAMLI,False
UTTAR PRADESH,SHRAVASTI,37,UTTAR PRADESH,SHRAWASTI,True
UTTAR PRADESH,SIDHARTHANAGAR,83,UTTAR PRADESH,SIDDHARTHNAGAR,True
UTTAR PRADESH,SITAPUR,136,UTTAR PRADESH,SITAPUR,True
UTTAR PRADESH,SONBHADRA,109,UTTAR PRADESH,SONBHADRA,True
UTTAR PRADESH,SULTANPUR,90,UTTAR PRADESH,SULTANPUR,True
UTTAR PRADESH,UNNAO,132,UTTAR PRADESH,UNNAO,True
UTTAR PRADESH,VARANASI,351,UTTAR PRADESH,VARANASI,True
UTTARAKHAND,ALMORA,83,UTTARAKHAND,ALMORA,True
UTTARAKHAND,BAGESHWAR,28,UTTARAKHAND,BAGESHWAR,True
UTTARAKHAND,CHAMOLI,57,UTTARAKHAND,CHAMOLI,True
UTTARAKHAND,CHAMPAWAT,35,UTTARAKHAND,CHAMPAWAT,True
UTTARAKHAND,DEHRA DUN,411,UTTARAKHAND,DEHRADUN,True
UTTARAKHAND,GARHWAL,111,UTTARAKHAND,GARHWAL,True
UTTARAKHAND,HARIDWAR,194,UTTARAKHAND,HARDWAR,True
UTTARAKHAND,NAINITAL,143,UTTARAKHAND,NAINITAL,True
UTTARAKHAND,PITHORAGARH,55,UTTARAKHAND,PITHORAGARH,True
UTTARAKHAND,RUDRAPRAYAG,33,UTTARAKHAND,RUDRAPRAYAG,True
UTTARAKHAND,TEHRI GARHWAL,80,UTTARAKHAND,TEHRI GARHWAL,True
UTTARAKHAND,UDHAM SINGH NAGAR,192,UTTARAKHAND,UDHAM SINGH NAGAR,True
UTTARAKHAND,UTTAR KASHI,42,UTTARAKHAND,UTTARKASHI,True
WEST BENGAL,ALIPURDUAR,59,WEST BENGAL,ALIPURDUAR,False
WEST BENGAL,BANKURA,168,WEST BENGAL,BANKURA,True
WEST BENGAL,BIRBHUM,172,WEST BENGAL,BIRBHUM,True
WEST BENGAL,DAKSHIN DINAJPUR,62,WEST BENGAL,DAKSHIN DINAJPUR,True
WEST BENGAL,DARJILING,165,WEST BENGAL,DARJILING,True
WEST BENGAL,HAORA,285,WEST BENGAL,HAORA,True
WEST BENGAL,HUGLI,361,WEST BENGAL,HUGLI,True
WEST BENGAL,JALPAIGURI,131,WEST BENGAL,JALPAIGURI,True
WEST BENGAL,JHARGRAM,80,WEST BENGAL,JHARGRAM,False
WEST BENGAL,KALIMPONG,19,WEST BENGAL,KALIMPONG,False
WEST BENGAL,KOCH BIHAR,117,WEST BENGAL,KOCH BIHAR,True
WEST BENGAL,KOLKATA,913,WEST BENGAL,KOLKATA,True
WEST BENGAL,MALDAH,136,WEST BENGAL,MALDAH,True
WEST BENGAL,MURSHIDABAD,274,WEST BENGAL,MURSHIDABAD,True
WEST BENGAL,NADIA,235,WEST BENGAL,NADIA,True
WEST BENGAL,NORTH 24 PARGANAS,651,WEST BENGAL,NORTH TWENTY FOUR PARGANAS,True
WEST BENGAL,PASCHIM BARDHAMAN,250,WEST BENGAL,PASCHIM BARDHAMAN,False
WEST BENGAL,PASCHIM MEDINIPUR,270,WEST BENGAL,PASCHIM MEDINIPUR,True
WEST BENGAL,PURBA BARDHAMAN,274,WEST BENGAL,BARDDHAMAN,True
WEST BENGAL,PURBA MEDINIPUR,240,WEST BENGAL,PURBA MEDINIPUR,True
WEST BENGAL,PURULIYA,130,WEST BENGAL,PURULIYA,True
WEST BENGAL,SOUTH 24 PARGANAS,353,WEST BENGAL,SOUTH TWENTY FOUR PARGANAS,True
WEST BENGAL,UTTAR DINAJPUR,87,WEST BENGAL,UTTAR DINAJPUR,True
PUDUCHERRY,KARAIKAL,23,PUDUCHERRY,KARAIKAL,True
PUDUCHERRY,MAHE,9,PUDUCHERRY,MAHE,True
PUDUCHERRY,PUDUCHERRY,68,PUDUCHERRY,PUDUCHERRY,True
PUDUCHERRY,YANAM,7,PUDUCHERRY,YANAM,True
