State,District,Population,Banking_Outlets,Population_per_Bank
JAMMU & KASHMIR,KUPWARA,870354,11,79123.09090909091
JAMMU & KASHMIR,BADGAM,753745,16,47109.0625
JAMMU & KASHMIR,LEH(LADAKH),133487,22,6067.590909090909
JAMMU & KASHMIR,KARGIL,140802,10,14080.2
JAMMU & KASHMIR,PUNCH,476835,6,79472.5
JAMMU & KASHMIR,RAJOURI,642415,17,37789.117647058825
JAMMU & KASHMIR,KATHUA,616435,37,16660.405405405407
JAMMU & KASHMIR,BARAMULA,1008039,19,53054.68421052631
JAMMU & KASHMIR,BANDIPORE,392232,5,78446.4
JAMMU & KASHMIR,SRINAGAR,1236829,58,21324.637931034482
JAMMU & KASHMIR,GANDERBAL,297446,6,49574.333333333336
JAMMU & KASHMIR,PULWAMA,560440,9,62271.11111111111
JAMMU & KASHMIR,SHUPIYAN,266215,5,53243.0
JAMMU & KASHMIR,ANANTNAG,1078692,19,56773.26315789474
JAMMU & KASHMIR,KULGAM,424483,5,84896.6
JAMMU & KASHMIR,DODA,409936,13,31533.53846153846
JAMMU & KASHMIR,RAMBAN,283713,8,35464.125
JAMMU & KASHMIR,KISHTWAR,230696,5,46139.2
JAMMU & KASHMIR,UDHAMPUR,554985,30,18499.5
JAMMU & KASHMIR,REASI,314667,21,14984.142857142857
JAMMU & KASHMIR,JAMMU,1529958,174,8792.862068965518
JAMMU & KASHMIR,SAMBA,318898,36,8858.277777777777
HIMACHAL PRADESH,CHAMBA,519080,48,10814.166666666666
HIMACHAL PRADESH,KANGRA,1510075,219,6895.319634703196
HIMACHAL PRADESH,LAHUL & SPITI,31564,15,2104.266666666667
HIMACHAL PRADESH,KULLU,437903,68,6439.75
HIMACHAL PRADESH,MANDI,999777,119,8401.487394957983
HIMACHAL PRADESH,HAMIRPUR,454768,94,4837.95744680851
HIMACHAL PRADESH,UNA,521173,90,5790.811111111111
HIMACHAL PRADESH,BILASPUR,381956,70,5456.5142857142855
HIMACHAL PRADESH,SOLAN,580320,158,3672.9113924050635
HIMACHAL PRADESH,SIRMAUR,529855,87,6090.287356321839
HIMACHAL PRADESH,SHIMLA,814010,206,3951.5048543689322
HIMACHAL PRADESH,KINNAUR,84121,30,2804.0333333333333
PUNJAB,GURDASPUR,2298323,180,12768.461111111112
PUNJAB,KAPURTHALA,815168,146,5583.342465753424
PUNJAB,JALANDHAR,2193590,464,4727.564655172414
PUNJAB,HOSHIARPUR,1586625,232,6838.900862068966
PUNJAB,SHAHID BHAGAT SINGH NAGAR,612310,112,5467.053571428572
PUNJAB,FATEHGARH SAHIB,600163,91,6595.197802197802
PUNJAB,LUDHIANA,3498739,563,6214.4564831261105
PUNJAB,MOGA,995746,138,7215.550724637681
PUNJAB,FIROZPUR,2029074,102,19892.882352941175
PUNJAB,MUKTSAR,901896,103,8756.271844660194
PUNJAB,FARIDKOT,617508,82,7530.585365853659
PUNJAB,BATHINDA,1388525,210,6612.023809523809
PUNJAB,MANSA,769751,75,10263.346666666666
PUNJAB,PATIALA,1895686,266,7126.639097744361
PUNJAB,AMRITSAR,2490656,327,7616.68501529052
PUNJAB,TARN TARAN,1119627,99,11309.363636363636
PUNJAB,RUPNAGAR,684627,95,7206.6
PUNJAB,SAHIBZADA AJIT SINGH NAGAR,994628,260,3825.492307692308
PUNJAB,SANGRUR,1655169,143,11574.608391608392
PUNJAB,BARNALA,595527,74,8047.6621621621625
CHANDIGARH,CHANDIGARH,1055450,229,4608.951965065502
UTTARAKHAND,UTTARKASHI,330086,42,7859.190476190476
UTTARAKHAND,CHAMOLI,391605,57,6870.263157894737
UTTARAKHAND,RUDRAPRAYAG,242285,33,7341.969696969697
UTTARAKHAND,TEHRI GARHWAL,618931,80,7736.6375
UTTARAKHAND,DEHRADUN,1696694,411,4128.209245742092
UTTARAKHAND,GARHWAL,687271,111,6191.630630630631
UTTARAKHAND,PITHORAGARH,483439,55,8789.8
UTTARAKHAND,BAGESHWAR,259898,28,9282.07142857143
UTTARAKHAND,ALMORA,622506,83,7500.0722891566265
UTTARAKHAND,CHAMPAWAT,259648,35,7418.5142857142855
UTTARAKHAND,NAINITAL,954605,143,6675.55944055944
UTTARAKHAND,UDHAM SINGH NAGAR,1648902,192,8588.03125
UTTARAKHAND,HARDWAR,1890422,194,9744.443298969072
HARYANA,PANCHKULA,561293,142,3952.7676056338028
HARYANA,AMBALA,1128350,152,7423.355263157895
HARYANA,YAMUNANAGAR,1214205,133,9129.36090225564
HARYANA,KURUKSHETRA,964655,126,7655.992063492064
HARYANA,KAITHAL,1074304,88,12208.0
HARYANA,KARNAL,1505324,204,7379.0392156862745
HARYANA,PANIPAT,1205437,148,8144.844594594595
HARYANA,SONIPAT,1450001,191,7591.628272251309
HARYANA,JIND,1334152,116,11501.310344827587
HARYANA,FATEHABAD,942011,87,10827.71264367816
HARYANA,SIRSA,1295189,124,10445.072580645161
HARYANA,HISAR,1743931,129,13518.84496124031
HARYANA,BHIWANI,1634445,71,23020.352112676057
HARYANA,ROHTAK,1061204,132,8039.424242424242
HARYANA,JHAJJAR,958405,87,11016.149425287356
HARYANA,MAHENDRAGARH,922088,71,12987.154929577464
HARYANA,REWARI,900332,89,10116.08988764045
HARYANA,GURGAON,1514432,357,4242.106442577031
HARYANA,MEWAT,1089263,40,27231.575
HARYANA,FARIDABAD,1809733,197,9186.46192893401
HARYANA,PALWAL,1042708,56,18619.785714285714
NCT OF DELHI,NORTH WEST,3656539,207,17664.43961352657
NCT OF DELHI,NORTH,887978,338,2627.153846153846
NCT OF DELHI,NORTH EAST,2241624,40,56040.6
NCT OF DELHI,EAST,1709346,111,15399.513513513513
NCT OF DELHI,NEW DELHI,142004,210,676.2095238095238
NCT OF DELHI,CENTRAL,582320,221,2634.9321266968327
NCT OF DELHI,WEST,2543243,278,9148.356115107914
NCT OF DELHI,SOUTH WEST,2292958,209,10971.09090909091
NCT OF DELHI,SOUTH,2731929,178,15347.91573033708
RAJASTHAN,GANGANAGAR,1969168,210,9376.990476190476
RAJASTHAN,HANUMANGARH,1774692,135,13145.866666666667
RAJASTHAN,BIKANER,2363937,202,11702.658415841584
RAJASTHAN,CHURU,2039547,101,20193.534653465347
RAJASTHAN,JHUNJHUNUN,2137045,122,17516.762295081968
RAJASTHAN,ALWAR,3674179,115,31949.38260869565
RAJASTHAN,BHARATPUR,2548462,77,33096.90909090909
RAJASTHAN,DHAULPUR,1206516,41,29427.219512195123
RAJASTHAN,KARAULI,1458248,71,20538.704225352114
RAJASTHAN,SAWAI MADHOPUR,1335551,103,12966.514563106795
RAJASTHAN,DAUSA,1634409,92,17765.315217391304
RAJASTHAN,JAIPUR,6626178,682,9715.803519061583
RAJASTHAN,SIKAR,2677333,140,19123.807142857142
RAJASTHAN,NAGAUR,3307743,77,42957.7012987013
RAJASTHAN,JODHPUR,3687165,268,13758.078358208955
RAJASTHAN,JAISALMER,669919,44,15225.431818181818
RAJASTHAN,BARMER,2603751,50,52075.02
RAJASTHAN,JALOR,1828730,60,30478.833333333332
RAJASTHAN,SIROHI,1036346,56,18506.178571428572
RAJASTHAN,PALI,2037573,76,26810.17105263158
RAJASTHAN,AJMER,2583052,184,14038.326086956522
RAJASTHAN,TONK,1421326,94,15120.489361702128
RAJASTHAN,BUNDI,1110906,63,17633.428571428572
RAJASTHAN,BHILWARA,2408523,126,19115.261904761905
RAJASTHAN,RAJSAMAND,1156597,65,17793.8
RAJASTHAN,DUNGARPUR,1388552,63,22040.507936507936
RAJASTHAN,BANSWARA,1797485,69,26050.507246376812
RAJASTHAN,CHITTAURGARH,1544338,94,16429.127659574468
RAJASTHAN,KOTA,1951014,162,12043.296296296296
RAJASTHAN,BARAN,1222755,61,20045.16393442623
RAJASTHAN,JHALAWAR,1411129,65,21709.676923076924
RAJASTHAN,UDAIPUR,3068420,189,16235.026455026455
RAJASTHAN,PRATAPGARH,867848,34,25524.941176470587
UTTAR PRADESH,SAHARANPUR,3466382,223,15544.313901345291
UTTAR PRADESH,MUZAFFARNAGAR,4143512,199,20821.668341708544
UTTAR PRADESH,BIJNOR,3682713,164,22455.567073170732
UTTAR PRADESH,MORADABAD,4772006,140,34085.75714285715
UTTAR PRADESH,RAMPUR,2335819,100,23358.19
UTTAR PRADESH,JYOTIBA PHULE NAGAR,1840221,65,28311.092307692306
UTTAR PRADESH,MEERUT,3443689,343,10039.909620991253
UTTAR PRADESH,BAGHPAT,1303048,109,11954.56880733945
UTTAR PRADESH,GHAZIABAD,4681645,323,14494.256965944272
UTTAR PRADESH,GAUTAM BUDDHA NAGAR,1648115,324,5086.774691358025
UTTAR PRADESH,BULANDSHAHR,3499171,190,18416.68947368421
UTTAR PRADESH,ALIGARH,3673889,187,19646.46524064171
UTTAR PRADESH,MAHAMAYA NAGAR,1564708,79,19806.430379746835
UTTAR PRADESH,MATHURA,2547184,226,11270.725663716814
UTTAR PRADESH,AGRA,4418797,365,12106.29315068493
UTTAR PRADESH,FIROZABAD,2498156,107,23347.252336448597
UTTAR PRADESH,MAINPURI,1868529,68,27478.367647058825
UTTAR PRADESH,BUDAUN,3681896,96,38353.083333333336
UTTAR PRADESH,BAREILLY,4448359,256,17376.40234375
UTTAR PRADESH,PILIBHIT,2031007,104,19528.91346153846
UTTAR PRADESH,SHAHJAHANPUR,3006538,154,19522.974025974025
UTTAR PRADESH,KHERI,4021243,168,23935.970238095237
UTTAR PRADESH,SITAPUR,4483992,136,32970.529411764706
UTTAR PRADESH,HARDOI,4092845,164,24956.371951219513
UTTAR PRADESH,UNNAO,3108367,132,23548.234848484848
UTTAR PRADESH,LUCKNOW,4589838,727,6313.3947730398895
UTTAR PRADESH,RAE BARELI,3405559,192,17737.286458333332
UTTAR PRADESH,FARRUKHABAD,1885204,58,32503.51724137931
UTTAR PRADESH,KANNAUJ,1656616,69,24008.927536231884
UTTAR PRADESH,ETAWAH,1581810,80,19772.625
UTTAR PRADESH,AURAIYA,1379545,66,20902.196969696968
UTTAR PRADESH,KANPUR DEHAT,1796184,89,20181.842696629214
UTTAR PRADESH,KANPUR NAGAR,4581268,458,10002.768558951964
UTTAR PRADESH,JALAUN,1689974,72,23471.86111111111
UTTAR PRADESH,JHANSI,1998603,145,13783.46896551724
UTTAR PRADESH,LALITPUR,1221592,57,21431.43859649123
UTTAR PRADESH,HAMIRPUR,1104285,56,19719.375
UTTAR PRADESH,MAHOBA,875958,39,22460.46153846154
UTTAR PRADESH,BANDA,1799410,59,30498.474576271186
UTTAR PRADESH,CHITRAKOOT,991730,32,30991.5625
UTTAR PRADESH,FATEHPUR,2632733,102,25811.107843137255
UTTAR PRADESH,PRATAPGARH,3209141,131,24497.25954198473
UTTAR PRADESH,KAUSHAMBI,1599596,84,19042.809523809523
UTTAR PRADESH,ALLAHABAD,5954391,358,16632.377094972067
UTTAR PRADESH,BARA BANKI,3260699,133,24516.533834586466
UTTAR PRADESH,FAIZABAD,2470996,151,16364.211920529802
UTTAR PRADESH,AMBEDKAR NAGAR,2397888,110,21798.98181818182
UTTAR PRADESH,SULTANPUR,3797117,90,42190.188888888886
UTTAR PRADESH,BAHRAICH,3487731,90,38752.566666666666
UTTAR PRADESH,SHRAWASTI,1117361,37,30198.945945945947
UTTAR PRADESH,BALRAMPUR,2148665,69,31140.072463768116
UTTAR PRADESH,GONDA,3433919,121,28379.495867768594
UTTAR PRADESH,SIDDHARTHNAGAR,2559297,83,30834.90361445783
UTTAR PRADESH,BASTI,2464464,98,25147.591836734693
UTTAR PRADESH,SANT KABIR NAGAR,1715183,59,29070.898305084746
UTTAR PRADESH,MAHRAJGANJ,2684703,91,29502.23076923077
UTTAR PRADESH,GORAKHPUR,4440895,291,15260.807560137457
UTTAR PRADESH,KUSHINAGAR,3564544,115,30996.034782608695
UTTAR PRADESH,DEORIA,3100946,129,24038.341085271317
UTTAR PRADESH,AZAMGARH,4613913,209,22076.13875598086
UTTAR PRADESH,MAU,2205968,98,22509.877551020407
UTTAR PRADESH,BALLIA,3239774,121,26774.99173553719
UTTAR PRADESH,JAUNPUR,4494204,200,22471.02
UTTAR PRADESH,GHAZIPUR,3620268,182,19891.582417582416
UTTAR PRADESH,CHANDAULI,1952756,97,20131.505154639177
UTTAR PRADESH,VARANASI,3676841,351,10475.330484330485
UTTAR PRADESH,SANT RAVIDAS NAGAR (BHADOHI),1578213,81,19484.11111111111
UTTAR PRADESH,MIRZAPUR,2496970,123,20300.56910569106
UTTAR PRADESH,SONBHADRA,1862559,109,17087.697247706423
UTTAR PRADESH,ETAH,1774480,71,24992.676056338027
UTTAR PRADESH,KANSHIRAM NAGAR,1436719,51,28170.960784313724
BIHAR,PASHCHIM CHAMPARAN,3935042,106,37123.03773584906
BIHAR,PURBA CHAMPARAN,5099371,148,34455.20945945946
BIHAR,SHEOHAR,656246,25,26249.84
BIHAR,SITAMARHI,3423574,99,34581.555555555555
BIHAR,MADHUBANI,4487379,128,35057.6484375
BIHAR,SUPAUL,2229076,76,29329.947368421053
BIHAR,ARARIA,2811569,81,34710.72839506173
BIHAR,KISHANGANJ,1690400,52,32507.69230769231
BIHAR,PURNIA,3264619,139,23486.46762589928
BIHAR,KATIHAR,3071029,108,28435.453703703704
BIHAR,MADHEPURA,2001762,67,29877.044776119405
BIHAR,SAHARSA,1900661,63,30169.222222222223
BIHAR,DARBHANGA,3937385,136,28951.360294117647
BIHAR,MUZAFFARPUR,4801062,225,21338.053333333333
BIHAR,GOPALGANJ,2562012,76,33710.68421052631
BIHAR,SIWAN,3330464,112,29736.285714285714
BIHAR,SARAN,3951862,128,30873.921875
BIHAR,VAISHALI,3495021,129,27093.18604651163
BIHAR,SAMASTIPUR,4261566,161,26469.35403726708
BIHAR,BEGUSARAI,2970541,134,22168.216417910447
BIHAR,KHAGARIA,1666886,57,29243.614035087718
BIHAR,BHAGALPUR,3037766,180,16876.477777777778
BIHAR,BANKA,2034763,76,26773.197368421053
BIHAR,MUNGER,1367765,72,18996.73611111111
BIHAR,LAKHISARAI,1000912,36,27803.11111111111
BIHAR,SHEIKHPURA,636342,30,21211.4
BIHAR,NALANDA,2877653,108,26644.935185185186
BIHAR,PATNA,5838465,656,8900.099085365853
BIHAR,BHOJPUR,2728407,101,27013.930693069306
BIHAR,BUXAR,1706352,73,23374.68493150685
BIHAR,KAIMUR (BHABUA),1626384,62,26232.0
BIHAR,ROHTAS,2959918,107,27662.78504672897
BIHAR,AURANGABAD,2540073,100,25400.73
BIHAR,GAYA,4391418,177,24810.271186440677
BIHAR,NAWADA,2219146,58,38261.137931034486
BIHAR,JAMUI,1760405,47,37455.425531914894
BIHAR,JEHANABAD,1125313,53,21232.32075471698
BIHAR,ARWAL,700843,31,22607.83870967742
SIKKIM,NORTH DISTRICT,43709,11,3973.5454545454545
SIKKIM,WEST DISTRICT,136435,8,17054.375
SIKKIM,SOUTH DISTRICT,146850,23,6384.782608695652
SIKKIM,EAST DISTRICT,283583,49,5787.408163265306
ARUNACHAL PRADESH,TAWANG,49977,8,6247.125
ARUNACHAL PRADESH,WEST KAMENG,83947,11,7631.545454545455
ARUNACHAL PRADESH,EAST KAMENG,78690,6,13115.0
ARUNACHAL PRADESH,PAPUM PARE,176573,40,4414.325
ARUNACHAL PRADESH,UPPER SUBANSIRI,83448,3,27816.0
ARUNACHAL PRADESH,WEST SIANG,112274,4,28068.5
ARUNACHAL PRADESH,EAST SIANG,99214,11,9019.454545454546
ARUNACHAL PRADESH,UPPER SIANG,35320,2,17660.0
ARUNACHAL PRADESH,CHANGLANG,148226,7,21175.14285714286
ARUNACHAL PRADESH,TIRAP,111975,2,55987.5
ARUNACHAL PRADESH,LOWER SUBANSIRI,83030,6,13838.333333333334
ARUNACHAL PRADESH,KURUNG KUMEY,92076,1,92076.0
ARUNACHAL PRADESH,DIBANG VALLEY,8004,1,8004.0
ARUNACHAL PRADESH,LOWER DIBANG VALLEY,54080,4,13520.0
ARUNACHAL PRADESH,LOHIT,145726,5,29145.2
ARUNACHAL PRADESH,ANJAW,21167,2,10583.5
NAGALAND,MON,250260,14,17875.714285714286
NAGALAND,MOKOKCHUNG,194622,17,11448.35294117647
NAGALAND,ZUNHEBOTO,140757,9,15639.666666666666
NAGALAND,WOKHA,166343,10,16634.3
NAGALAND,DIMAPUR,378811,28,13528.964285714286
NAGALAND,PHEK,163418,6,27236.333333333332
NAGALAND,TUENSANG,196596,7,28085.14285714286
NAGALAND,LONGLENG,50484,2,25242.0
NAGALAND,KIPHIRE,74004,2,37002.0
NAGALAND,KOHIMA,267988,29,9240.965517241379
NAGALAND,PEREN,95219,4,23804.75
MANIPUR,SENAPATI,479148,18,26619.333333333332
MANIPUR,TAMENGLONG,140651,5,28130.2
MANIPUR,CHURACHANDPUR,274143,18,15230.166666666666
MANIPUR,BISHNUPUR,237399,13,18261.46153846154
MANIPUR,THOUBAL,422168,12,35180.666666666664
MANIPUR,IMPHAL WEST,517992,46,11260.695652173914
MANIPUR,IMPHAL EAST,456113,24,19004.708333333332
MANIPUR,UKHRUL,183998,9,20444.222222222223
MANIPUR,CHANDEL,144182,4,36045.5
MIZORAM,MAMIT,86364,4,21591.0
MIZORAM,KOLASIB,83955,9,9328.333333333334
MIZORAM,AIZAWL,400309,48,8339.770833333334
MIZORAM,CHAMPHAI,125745,4,31436.25
MIZORAM,SERCHHIP,64937,5,12987.4
MIZORAM,LUNGLEI,161428,8,20178.5
MIZORAM,LAWNGTLAI,117894,4,29473.5
MIZORAM,SAIHA,56574,1,56574.0
TRIPURA,WEST TRIPURA,1725739,121,14262.305785123966
TRIPURA,SOUTH TRIPURA,876001,28,31285.75
TRIPURA,DHALAI,378230,23,16444.782608695652
TRIPURA,NORTH TRIPURA,693947,30,23131.566666666666
MEGHALAYA,WEST GARO HILLS,643291,23,27969.17391304348
MEGHALAYA,EAST GARO HILLS,317917,7,45416.71428571428
MEGHALAYA,SOUTH GARO HILLS,142334,4,35583.5
MEGHALAYA,WEST KHASI HILLS,383461,6,63910.166666666664
MEGHALAYA,RIBHOI,258840,21,12325.714285714286
MEGHALAYA,EAST KHASI HILLS,825922,88,9385.477272727272
MEGHALAYA,JAINTIA HILLS,395124,17,23242.58823529412
ASSAM,KOKRAJHAR,887142,28,31683.64285714286
ASSAM,DHUBRI,1949258,34,57331.117647058825
ASSAM,GOALPARA,1008183,32,31505.71875
ASSAM,BARPETA,1693622,49,34563.71428571428
ASSAM,MORIGAON,957423,29,33014.58620689655
ASSAM,NAGAON,2823768,96,29414.25
ASSAM,SONITPUR,1924110,91,21144.065934065933
ASSAM,LAKHIMPUR,1042137,41,25417.975609756097
ASSAM,DHEMAJI,686133,25,27445.32
ASSAM,TINSUKIA,1327929,93,14278.806451612903
ASSAM,DIBRUGARH,1326335,110,12057.59090909091
ASSAM,SIVASAGAR,1151050,50,23021.0
ASSAM,JORHAT,1092256,70,15603.657142857142
ASSAM,GOLAGHAT,1066888,51,20919.37254901961
ASSAM,KARBI ANGLONG,956313,18,53128.5
ASSAM,DIMA HASAO,214102,15,14273.466666666667
ASSAM,CACHAR,1736617,84,20674.011904761905
ASSAM,KARIMGANJ,1228686,40,30717.15
ASSAM,HAILAKANDI,659296,23,28665.043478260868
ASSAM,BONGAIGAON,738804,30,24626.8
ASSAM,CHIRANG,482162,20,24108.1
ASSAM,KAMRUP,1517542,89,17051.03370786517
ASSAM,KAMRUP METROPOLITAN,1253938,264,4749.765151515152
ASSAM,NALBARI,771639,39,19785.615384615383
ASSAM,BAKSA,950075,16,59379.6875
ASSAM,DARRANG,928500,45,20633.333333333332
ASSAM,UDALGURI,831668,22,37803.09090909091
WEST BENGAL,DARJILING,1846823,165,11192.866666666667
WEST BENGAL,JALPAIGURI,3872846,131,29563.709923664122
WEST BENGAL,KOCH BIHAR,2819086,117,24094.752136752137
WEST BENGAL,UTTAR DINAJPUR,3007134,87,34564.75862068965
WEST BENGAL,DAKSHIN DINAJPUR,1676276,62,27036.709677419356
WEST BENGAL,MALDAH,3988845,136,29329.742647058825
WEST BENGAL,MURSHIDABAD,7103807,274,25926.30291970803
WEST BENGAL,BIRBHUM,3502404,172,20362.81395348837
WEST BENGAL,BARDDHAMAN,7717563,274,28166.28832116788
WEST BENGAL,NADIA,5167600,235,21989.787234042553
WEST BENGAL,NORTH TWENTY FOUR PARGANAS,10009781,651,15376.007680491552
WEST BENGAL,HUGLI,5519145,361,15288.490304709141
WEST BENGAL,BANKURA,3596674,168,21408.77380952381
WEST BENGAL,PURULIYA,2930115,130,22539.346153846152
WEST BENGAL,HAORA,4850029,285,17017.64561403509
WEST BENGAL,KOLKATA,4496694,913,4925.1851040525735
WEST BENGAL,SOUTH TWENTY FOUR PARGANAS,8161961,353,23121.70254957507
WEST BENGAL,PASCHIM MEDINIPUR,5913457,270,21901.692592592593
WEST BENGAL,PURBA MEDINIPUR,5095875,240,21232.8125
JHARKHAND,GARHWA,1322784,49,26995.591836734693
JHARKHAND,CHATRA,1042886,50,20857.72
JHARKHAND,KODARMA,716259,51,14044.29411764706
JHARKHAND,GIRIDIH,2445474,128,19105.265625
JHARKHAND,DEOGHAR,1492073,101,14773.0
JHARKHAND,GODDA,1313551,72,18243.76388888889
JHARKHAND,SAHIBGANJ,1150567,46,25012.32608695652
JHARKHAND,PAKUR,900422,41,21961.51219512195
JHARKHAND,DHANBAD,2684487,226,11878.261061946903
JHARKHAND,BOKARO,2062330,167,12349.281437125748
JHARKHAND,LOHARDAGA,461790,31,14896.451612903225
JHARKHAND,PURBI SINGHBHUM,2293919,213,10769.57276995305
JHARKHAND,PALAMU,1939869,70,27712.414285714287
JHARKHAND,LATEHAR,726978,33,22029.636363636364
JHARKHAND,HAZARIBAGH,1734495,133,13041.315789473685
JHARKHAND,RAMGARH,949443,85,11169.917647058823
JHARKHAND,DUMKA,1321442,79,16727.113924050635
JHARKHAND,JAMTARA,791042,44,17978.227272727272
JHARKHAND,RANCHI,2914253,360,8095.147222222222
JHARKHAND,KHUNTI,531885,32,16621.40625
JHARKHAND,GUMLA,1025213,46,22287.239130434784
JHARKHAND,SIMDEGA,599578,27,22206.59259259259
JHARKHAND,PASHCHIMI SINGHBHUM,1502338,84,17884.97619047619
JHARKHAND,SARAIKELA-KHARSAWAN,1065056,80,13313.2
ODISHA,BARGARH,1481255,97,15270.670103092783
ODISHA,JHARSUGUDA,579505,62,9346.854838709678
ODISHA,SAMBALPUR,1041099,125,8328.792
ODISHA,DEBAGARH,312520,26,12020.0
ODISHA,SUNDARGARH,2093437,177,11827.327683615818
ODISHA,KENDUJHAR,1801733,121,14890.355371900827
ODISHA,MAYURBHANJ,2519738,156,16152.166666666666
ODISHA,BALESHWAR,2320529,151,15367.741721854305
ODISHA,BHADRAK,1506337,91,16553.153846153848
ODISHA,KENDRAPARA,1440361,84,17147.154761904763
ODISHA,JAGATSINGHAPUR,1136971,96,11843.447916666666
ODISHA,CUTTACK,2624470,283,9273.74558303887
ODISHA,JAJAPUR,1827192,130,14055.323076923078
ODISHA,DHENKANAL,1192811,79,15098.87341772152
ODISHA,ANUGUL,1273821,101,12612.089108910892
ODISHA,NAYAGARH,962789,75,12837.186666666666
ODISHA,KHORDHA,2251673,460,4894.941304347826
ODISHA,PURI,1698730,134,12677.089552238805
ODISHA,GANJAM,3529031,281,12558.829181494662
ODISHA,GAJAPATI,577817,40,14445.425
ODISHA,KANDHAMAL,733110,46,15937.173913043478
ODISHA,BAUDH,441162,31,14231.032258064517
ODISHA,SUBARNAPUR,610183,37,16491.432432432433
ODISHA,BALANGIR,1648997,94,17542.521276595744
ODISHA,NUAPADA,610382,37,16496.81081081081
ODISHA,KALAHANDI,1576869,81,19467.51851851852
ODISHA,RAYAGADA,967911,61,15867.393442622952
ODISHA,NABARANGAPUR,1220946,38,32130.157894736843
ODISHA,KORAPUT,1379647,67,20591.746268656716
ODISHA,MALKANGIRI,613192,29,21144.55172413793
CHHATTISGARH,KORIYA,658917,15,43927.8
CHHATTISGARH,SURGUJA,2359886,94,25105.17021276596
CHHATTISGARH,JASHPUR,851669,42,20277.833333333332
CHHATTISGARH,RAIGARH,1493984,82,18219.317073170732
CHHATTISGARH,KORBA,1206640,63,19153.015873015873
CHHATTISGARH,JANJGIR - CHAMPA,1619707,74,21887.932432432433
CHHATTISGARH,BILASPUR,2663629,131,20333.045801526718
CHHATTISGARH,KABEERDHAM,822526,31,26533.09677419355
CHHATTISGARH,RAJNANDGAON,1537133,47,32704.957446808512
CHHATTISGARH,DURG,3343872,219,15268.82191780822
CHHATTISGARH,RAIPUR,4063872,289,14061.840830449826
CHHATTISGARH,MAHASAMUND,1032754,52,19860.653846153848
CHHATTISGARH,DHAMTARI,799781,49,16322.061224489797
CHHATTISGARH,UTTAR BASTAR KANKER,748941,38,19708.973684210527
CHHATTISGARH,BASTAR,1413199,78,18117.9358974359
CHHATTISGARH,NARAYANPUR,139820,7,19974.285714285714
CHHATTISGARH,DAKSHIN BASTAR DANTEWADA,533638,24,22234.916666666668
CHHATTISGARH,BIJAPUR,255230,23,11096.95652173913
MADHYA PRADESH,SHEOPUR,687861,21,32755.285714285714
MADHYA PRADESH,MORENA,1965970,67,29342.83582089552
MADHYA PRADESH,BHIND,1703005,58,29362.155172413793
MADHYA PRADESH,GWALIOR,2032036,188,10808.702127659575
MADHYA PRADESH,DATIA,786754,40,19668.85
MADHYA PRADESH,SHIVPURI,1726050,48,35959.375
MADHYA PRADESH,TIKAMGARH,1445166,26,55583.307692307695
MADHYA PRADESH,CHHATARPUR,1762375,64,27537.109375
MADHYA PRADESH,PANNA,1016520,36,28236.666666666668
MADHYA PRADESH,SAGAR,2378458,132,18018.621212121212
MADHYA PRADESH,DAMOH,1264219,46,27483.021739130436
MADHYA PRADESH,SATNA,2228935,72,30957.430555555555
MADHYA PRADESH,REWA,2365106,87,27185.126436781607
MADHYA PRADESH,UMARIA,644758,25,25790.32
MADHYA PRADESH,NEEMUCH,826067,46,17957.978260869564
MADHYA PRADESH,MANDSAUR,1340411,70,19148.72857142857
MADHYA PRADESH,RATLAM,1455069,92,15815.967391304348
MADHYA PRADESH,UJJAIN,1986864,138,14397.565217391304
MADHYA PRADESH,SHAJAPUR,1512681,55,27503.29090909091
MADHYA PRADESH,DEWAS,1563715,77,20307.987012987014
MADHYA PRADESH,DHAR,2185793,104,21017.240384615383
MADHYA PRADESH,INDORE,3276697,417,7857.786570743406
MADHYA PRADESH,KHARGONE (WEST NIMAR),1873046,85,22035.835294117645
MADHYA PRADESH,BARWANI,1385881,58,23894.5
MADHYA PRADESH,RAJGARH,1545814,66,23421.424242424244
MADHYA PRADESH,VIDISHA,1458875,83,17576.807228915663
MADHYA PRADESH,BHOPAL,2371061,378,6272.648148148148
MADHYA PRADESH,SEHORE,1311332,99,13245.777777777777
MADHYA PRADESH,RAISEN,1331597,79,16855.6582278481
MADHYA PRADESH,BETUL,1575362,108,14586.685185185184
MADHYA PRADESH,HARDA,570465,46,12401.41304347826
MADHYA PRADESH,HOSHANGABAD,1241350,98,12666.836734693878
MADHYA PRADESH,KATNI,1292042,76,17000.552631578947
MADHYA PRADESH,JABALPUR,2463289,257,9584.782101167315
MADHYA PRADESH,NARSIMHAPUR,1091854,74,14754.783783783783
MADHYA PRADESH,DINDORI,704524,25,28180.96
MADHYA PRADESH,MANDLA,1054905,48,21977.1875
MADHYA PRADESH,CHHINDWARA,2090922,93,22483.032258064515
MADHYA PRADESH,SEONI,1379131,50,27582.62
MADHYA PRADESH,BALAGHAT,1701698,76,22390.763157894737
MADHYA PRADESH,GUNA,1241519,51,24343.50980392157
MADHYA PRADESH,ASHOKNAGAR,845071,41,20611.48780487805
MADHYA PRADESH,SHAHDOL,1066063,45,23690.28888888889
MADHYA PRADESH,ANUPPUR,749237,34,22036.382352941175
MADHYA PRADESH,SIDHI,1127033,38,29658.763157894737
MADHYA PRADESH,SINGRAULI,1178273,56,21040.589285714286
MADHYA PRADESH,JHABUA,1025048,27,37964.74074074074
MADHYA PRADESH,ALIRAJPUR,728999,18,40499.944444444445
MADHYA PRADESH,KHANDWA (EAST NIMAR),1310061,72,18195.291666666668
MADHYA PRADESH,BURHANPUR,757847,41,18484.073170731706
GUJARAT,KACHCHH,2092371,220,9510.777272727273
GUJARAT,BANAS KANTHA,3120506,88,35460.295454545456
GUJARAT,PATAN,1343734,64,20995.84375
GUJARAT,MAHESANA,2035064,175,11628.937142857143
GUJARAT,SABAR KANTHA,2428589,99,24531.20202020202
GUJARAT,GANDHINAGAR,1391753,204,6822.318627450981
GUJARAT,AHMADABAD,7214225,803,8984.09090909091
GUJARAT,SURENDRANAGAR,1756268,97,18105.855670103094
GUJARAT,RAJKOT,3804558,316,12039.740506329113
GUJARAT,JAMNAGAR,2160119,120,18000.991666666665
GUJARAT,PORBANDAR,585449,54,10841.648148148148
GUJARAT,JUNAGADH,2743082,137,20022.496350364963
GUJARAT,AMRELI,1514190,116,13053.362068965518
GUJARAT,BHAVNAGAR,2880365,153,18825.91503267974
GUJARAT,ANAND,2092745,242,8647.706611570247
GUJARAT,KHEDA,2299885,180,12777.138888888889
GUJARAT,PANCH MAHALS,2390776,87,27480.183908045976
GUJARAT,DOHAD,2127086,56,37983.67857142857
GUJARAT,VADODARA,4165626,459,9075.437908496731
GUJARAT,NARMADA,590297,35,16865.628571428573
GUJARAT,BHARUCH,1551019,158,9816.575949367088
GUJARAT,THE DANGS,228291,14,16306.5
GUJARAT,NAVSARI,1329672,148,8984.27027027027
GUJARAT,VALSAD,1705678,141,12097.00709219858
GUJARAT,SURAT,6081322,488,12461.725409836066
GUJARAT,TAPI,807022,47,17170.68085106383
DAMAN & DIU,DIU,52074,11,4734.0
DAMAN & DIU,DAMAN,191173,19,10061.736842105263
DADRA & NAGAR HAVELI,DADRA & NAGAR HAVELI,343709,34,10109.088235294117
MAHARASHTRA,NANDURBAR,1648295,71,23215.422535211266
MAHARASHTRA,DHULE,2050862,98,20927.163265306124
MAHARASHTRA,JALGAON,4229917,207,20434.38164251208
MAHARASHTRA,BULDANA,2586258,133,19445.54887218045
MAHARASHTRA,AKOLA,1813906,108,16795.425925925927
MAHARASHTRA,WASHIM,1197160,52,23022.30769230769
MAHARASHTRA,AMRAVATI,2888445,210,13754.5
MAHARASHTRA,WARDHA,1300774,115,11311.078260869564
MAHARASHTRA,NAGPUR,4653570,492,9458.475609756097
MAHARASHTRA,BHANDARA,1200334,81,14818.938271604939
MAHARASHTRA,GONDIYA,1322507,63,20992.174603174604
MAHARASHTRA,GADCHIROLI,1072942,47,22828.55319148936
MAHARASHTRA,CHANDRAPUR,2204307,141,15633.382978723404
MAHARASHTRA,YAVATMAL,2772348,132,21002.636363636364
MAHARASHTRA,NANDED,3361292,119,28246.1512605042
MAHARASHTRA,HINGOLI,1177345,39,30188.333333333332
MAHARASHTRA,PARBHANI,1836086,57,32212.035087719298
MAHARASHTRA,JALNA,1959046,68,28809.5
MAHARASHTRA,AURANGABAD,3701282,203,18232.916256157634
MAHARASHTRA,NASHIK,6107187,390,15659.453846153847
MAHARASHTRA,THANE,11060148,567,19506.433862433863
MAHARASHTRA,MUMBAI SUBURBAN,9356962,738,12678.81029810298
MAHARASHTRA,MUMBAI,3085411,499,6183.188376753507
MAHARASHTRA,RAIGARH,2634200,327,8055.6574923547405
MAHARASHTRA,PUNE,9429408,931,10128.257787325456
MAHARASHTRA,AHMADNAGAR,4543159,295,15400.538983050847
MAHARASHTRA,BID,2585049,84,30774.39285714286
MAHARASHTRA,LATUR,2454196,99,24789.858585858587
MAHARASHTRA,OSMANABAD,1657576,61,27173.377049180326
MAHARASHTRA,SOLAPUR,4317756,230,18772.852173913045
MAHARASHTRA,SATARA,3003741,187,16062.786096256685
MAHARASHTRA,RATNAGIRI,1615069,159,10157.666666666666
MAHARASHTRA,SINDHUDURG,849651,113,7519.0353982300885
MAHARASHTRA,KOLHAPUR,3876001,234,16564.106837606836
MAHARASHTRA,SANGLI,2822143,163,17313.76073619632
ANDHRA PRADESH,ADILABAD,2741239,157,17460.12101910828
ANDHRA PRADESH,NIZAMABAD,2551335,221,11544.502262443439
ANDHRA PRADESH,KARIMNAGAR,3776269,260,14524.111538461539
ANDHRA PRADESH,MEDAK,3033288,248,12231.0
ANDHRA PRADESH,HYDERABAD,3943323,677,5824.701624815362
ANDHRA PRADESH,RANGAREDDY,5296741,770,6878.884415584415
ANDHRA PRADESH,MAHBUBNAGAR,4053028,193,21000.145077720208
ANDHRA PRADESH,NALGONDA,3488809,274,12732.879562043796
ANDHRA PRADESH,WARANGAL,3512576,243,14455.045267489711
ANDHRA PRADESH,KHAMMAM,2797370,200,13986.85
ANDHRA PRADESH,SRIKAKULAM,2703114,155,17439.44516129032
ANDHRA PRADESH,VIZIANAGARAM,2344474,220,10656.7
ANDHRA PRADESH,VISAKHAPATNAM,4290589,511,8396.455968688846
ANDHRA PRADESH,EAST GODAVARI,5154296,461,11180.685466377441
ANDHRA PRADESH,WEST GODAVARI,3936966,426,9241.704225352112
ANDHRA PRADESH,KRISHNA,4517398,513,8805.844054580897
ANDHRA PRADESH,GUNTUR,4887813,615,7947.663414634147
ANDHRA PRADESH,PRAKASAM,3397448,119,28549.983193277312
ANDHRA PRADESH,SRI POTTI SRIRAMULU NELLORE,2963557,452,6556.54203539823
ANDHRA PRADESH,Y.S.R.,2882469,149,19345.42953020134
ANDHRA PRADESH,KURNOOL,4053463,281,14425.135231316726
ANDHRA PRADESH,ANANTAPUR,4081148,269,15171.553903345724
ANDHRA PRADESH,CHITTOOR,4174064,259,16116.07722007722
KARNATAKA,BELGAUM,4779661,302,15826.692052980132
KARNATAKA,BAGALKOT,1889752,125,15118.016
KARNATAKA,BIJAPUR,2177331,128,17010.3984375
KARNATAKA,BIDAR,1703300,87,19578.16091954023
KARNATAKA,RAICHUR,1928812,110,17534.654545454545
KARNATAKA,KOPPAL,1389920,77,18050.909090909092
KARNATAKA,GADAG,1064570,70,15208.142857142857
KARNATAKA,DHARWAD,1847023,188,9824.590425531915
KARNATAKA,UTTARA KANNADA,1437169,171,8404.497076023392
KARNATAKA,HAVERI,1597668,89,17951.325842696628
KARNATAKA,BELLARY,2452595,94,26091.436170212764
KARNATAKA,CHITRADURGA,1659456,89,18645.573033707864
KARNATAKA,DAVANAGERE,1945497,107,18182.21495327103
KARNATAKA,SHIMOGA,1752753,189,9273.825396825398
KARNATAKA,UDUPI,1177361,259,4545.795366795367
KARNATAKA,CHIKMAGALUR,1137961,142,8013.80985915493
KARNATAKA,TUMKUR,2678980,194,13809.175257731958
KARNATAKA,BANGALORE,9621551,1362,7064.2812041116
KARNATAKA,MANDYA,1805769,156,11575.442307692309
KARNATAKA,HASSAN,1776421,190,9349.584210526316
KARNATAKA,DAKSHINA KANNADA,2089649,386,5413.598445595855
KARNATAKA,KODAGU,554519,102,5436.4607843137255
KARNATAKA,MYSORE,3001127,305,9839.760655737706
KARNATAKA,CHAMARAJANAGAR,1020791,74,13794.472972972973
KARNATAKA,GULBARGA,2566326,134,19151.68656716418
KARNATAKA,YADGIR,1174271,55,21350.381818181817
KARNATAKA,KOLAR,1536401,113,13596.469026548673
KARNATAKA,CHIKKABALLAPURA,1255104,91,13792.351648351649
KARNATAKA,BANGALORE RURAL,990923,134,7394.94776119403
KARNATAKA,RAMANAGARA,1082636,104,10409.961538461539
GOA,NORTH GOA,818008,223,3668.1973094170403
GOA,SOUTH GOA,640537,182,3519.434065934066
LAKSHADWEEP,LAKSHADWEEP,64473,16,4029.5625
KERALA,KASARAGOD,1307375,114,11468.201754385966
KERALA,KANNUR,2523003,195,12938.476923076923
KERALA,WAYANAD,817420,75,10898.933333333332
KERALA,KOZHIKODE,3086293,262,11779.74427480916
KERALA,MALAPPURAM,4112920,208,19773.653846153848
KERALA,PALAKKAD,2809934,279,10071.448028673834
KERALA,THRISSUR,3121200,319,9784.326018808777
KERALA,ERNAKULAM,3282388,529,6204.89224952741
KERALA,IDUKKI,1108974,112,9901.55357142857
KERALA,KOTTAYAM,1974551,276,7154.170289855072
KERALA,ALAPPUZHA,2127789,215,9896.693023255813
KERALA,PATHANAMTHITTA,1197412,194,6172.226804123711
KERALA,KOLLAM,2635375,255,10334.803921568628
KERALA,THIRUVANANTHAPURAM,3301427,481,6863.673596673597
TAMIL NADU,THIRUVALLUR,3728104,216,17259.74074074074
TAMIL NADU,CHENNAI,4646732,980,4741.563265306122
TAMIL NADU,KANCHEEPURAM,3998252,126,31732.15873015873
TAMIL NADU,VELLORE,3936331,117,33643.8547008547
TAMIL NADU,TIRUVANNAMALAI,2464875,159,15502.358490566037
TAMIL NADU,VILUPPURAM,3458873,119,29066.159663865546
TAMIL NADU,SALEM,3482056,241,14448.365145228216
TAMIL NADU,NAMAKKAL,1726601,159,10859.125786163522
TAMIL NADU,ERODE,2251744,219,10281.93607305936
TAMIL NADU,THE NILGIRIS,735394,75,9805.253333333334
TAMIL NADU,DINDIGUL,2159775,189,11427.380952380952
TAMIL NADU,KARUR,1064493,87,12235.551724137931
TAMIL NADU,TIRUCHIRAPPALLI,2722290,276,9863.369565217392
TAMIL NADU,PERAMBALUR,565223,52,10869.673076923076
TAMIL NADU,ARIYALUR,754894,49,15406.0
TAMIL NADU,CUDDALORE,2605914,172,15150.662790697674
TAMIL NADU,NAGAPATTINAM,1616450,56,28865.178571428572
TAMIL NADU,THIRUVARUR,1264277,92,13742.141304347826
TAMIL NADU,THANJAVUR,2405890,199,12089.899497487437
TAMIL NADU,PUDUKKOTTAI,1618345,128,12643.3203125
TAMIL NADU,SIVAGANGA,1339101,159,8422.018867924528
TAMIL NADU,MADURAI,3038252,311,9769.299035369775
TAMIL NADU,THENI,1245899,95,13114.726315789474
TAMIL NADU,VIRUDHUNAGAR,1942288,130,14940.676923076922
TAMIL NADU,RAMANATHAPURAM,1353445,85,15922.882352941177
TAMIL NADU,THOOTHUKKUDI,1750176,146,11987.506849315068
TAMIL NADU,TIRUNELVELI,3077233,155,19853.11612903226
TAMIL NADU,KANNIYAKUMARI,1870374,200,9351.87
TAMIL NADU,DHARMAPURI,1506843,90,16742.7
TAMIL NADU,KRISHNAGIRI,1879809,144,13054.229166666666
TAMIL NADU,COIMBATORE,3458045,482,7174.367219917012
TAMIL NADU,TIRUPPUR,2479052,225,11018.00888888889
PUDUCHERRY,YANAM,55626,7,7946.571428571428
PUDUCHERRY,PUDUCHERRY,950289,68,13974.838235294117
PUDUCHERRY,MAHE,41816,9,4646.222222222223
PUDUCHERRY,KARAIKAL,200222,23,8705.304347826086
ANDAMAN & NICOBAR ISLANDS,NICOBARS,36842,4,9210.5
ANDAMAN & NICOBAR ISLANDS,NORTH & MIDDLE ANDAMAN,105597,8,13199.625
ANDAMAN & NICOBAR ISLANDS,SOUTH ANDAMAN,238142,45,5292.044444444445
