State,District,Population,State_Match,District_Match,Banking_Outlets,Population_per_Bank,Banking_Access_Rank,Banking_Access_Category,Expected_Banking_Outlets,Banking_Outlet_Gap,Banking_Gap_Priority
ARUNACHAL PRADESH,KURUNG KUMEY,92076,ARUNACHAL PRADESH,KURUNG KUMEY,1,92076.0,1.0,Very High Population per Bank,6.44,5.44,Low Priority
JAMMU & KASHMIR,KULGAM,424483,JAMMU & KASHMIR,KULGAM,5,84896.6,2.0,Very High Population per Bank,29.69,24.69,Moderate Priority
JAMMU & KASHMIR,PUNCH,476835,JAMMU & KASHMIR,POONCH,6,79472.5,3.0,Very High Population per Bank,33.35,27.35,Moderate Priority
JAMMU & KASHMIR,KUPWARA,870354,JAMMU & KASHMIR,KUPWARA,11,79123.09090909091,4.0,Very High Population per Bank,60.87,49.87,High Priority
JAMMU & KASHMIR,BANDIPORE,392232,JAMMU & KASHMIR,BANDIPORA,5,78446.4,5.0,Very High Population per Bank,27.43,22.43,Moderate Priority
MEGHALAYA,WEST KHASI HILLS,383461,MEGHALAYA,WEST KHASI HILLS,6,63910.166666666664,6.0,Very High Population per Bank,26.82,20.82,Moderate Priority
JAMMU & KASHMIR,PULWAMA,560440,JAMMU & KASHMIR,PULWAMA,9,62271.11111111111,7.0,Very High Population per Bank,39.2,30.2,Moderate Priority
ASSAM,BAKSA,950075,ASSAM,BAKSA,16,59379.6875,8.0,Very High Population per Bank,66.45,50.45,High Priority
ASSAM,DHUBRI,1949258,ASSAM,DHUBRI,34,57331.117647058825,9.0,Very High Population per Bank,136.33,102.33,Very High Priority
JAMMU & KASHMIR,ANANTNAG,1078692,JAMMU & KASHMIR,ANANTNAG,19,56773.26315789474,10.0,Very High Population per Bank,75.44,56.44,High Priority
MIZORAM,SAIHA,56574,MIZORAM,SIAHA,1,56574.0,11.0,Very High Population per Bank,3.96,2.96,Low Priority
NCT OF DELHI,NORTH EAST,2241624,NCT OF DELHI,NORTH-EAST DELHI,40,56040.6,12.0,Very High Population per Bank,156.77,116.77,Very High Priority
ARUNACHAL PRADESH,TIRAP,111975,ARUNACHAL PRADESH,TIRAP,2,55987.5,13.0,Very High Population per Bank,7.83,5.83,Low Priority
MADHYA PRADESH,TIKAMGARH,1445166,MADHYA PRADESH,TIKAMGARH,26,55583.307692307695,14.0,Very High Population per Bank,101.07,75.07,Very High Priority
JAMMU & KASHMIR,SHUPIYAN,266215,JAMMU & KASHMIR,SHOPIAN,5,53243.0,15.0,Very High Population per Bank,18.62,13.62,Low Priority
ASSAM,KARBI ANGLONG,956313,ASSAM,KARBI ANGLONG,18,53128.5,16.0,Very High Population per Bank,66.88,48.88,High Priority
JAMMU & KASHMIR,BARAMULA,1008039,JAMMU & KASHMIR,BARAMULLA,19,53054.68421052631,17.0,Very High Population per Bank,70.5,51.5,High Priority
RAJASTHAN,BARMER,2603751,RAJASTHAN,BARMER,50,52075.02,18.0,Very High Population per Bank,182.1,132.1,Very High Priority
JAMMU & KASHMIR,GANDERBAL,297446,JAMMU & KASHMIR,GANDERBAL,6,49574.333333333336,19.0,Very High Population per Bank,20.8,14.8,Low Priority
JAMMU & KASHMIR,BADGAM,753745,JAMMU & KASHMIR,BADGAM,16,47109.0625,20.0,Very High Population per Bank,52.71,36.71,High Priority
JAMMU & KASHMIR,KISHTWAR,230696,JAMMU & KASHMIR,KISHTWAR,5,46139.2,21.0,Very High Population per Bank,16.13,11.13,Low Priority
MEGHALAYA,EAST GARO HILLS,317917,MEGHALAYA,EAST GARO HILLS,7,45416.71428571428,22.0,Very High Population per Bank,22.23,15.23,Low Priority
CHHATTISGARH,KORIYA,658917,CHHATTISGARH,KORIYA,15,43927.8,23.0,Very High Population per Bank,46.08,31.08,Moderate Priority
RAJASTHAN,NAGAUR,3307743,RAJASTHAN,NAGAUR,77,42957.7012987013,24.0,Very High Population per Bank,231.33,154.33,Very High Priority
UTTAR PRADESH,SULTANPUR,3797117,UTTAR PRADESH,SULTANPUR,90,42190.188888888886,25.0,Very High Population per Bank,265.56,175.56,Very High Priority
MADHYA PRADESH,ALIRAJPUR,728999,MADHYA PRADESH,ALIRAJPUR,18,40499.944444444445,26.0,Very High Population per Bank,50.98,32.98,Moderate Priority
UTTAR PRADESH,BAHRAICH,3487731,UTTAR PRADESH,BAHRAICH,90,38752.566666666666,27.0,Very High Population per Bank,243.92,153.92,Very High Priority
UTTAR PRADESH,BUDAUN,3681896,UTTAR PRADESH,BUDAUN,96,38353.083333333336,28.0,Very High Population per Bank,257.5,161.5,Very High Priority
BIHAR,NAWADA,2219146,BIHAR,NAWADA,58,38261.137931034486,29.0,Very High Population per Bank,155.2,97.2,Very High Priority
GUJARAT,DOHAD,2127086,GUJARAT,DOHAD,56,37983.67857142857,30.0,Very High Population per Bank,148.76,92.76,Very High Priority
MADHYA PRADESH,JHABUA,1025048,MADHYA PRADESH,JHABUA,27,37964.74074074074,31.0,Very High Population per Bank,71.69,44.69,High Priority
ASSAM,UDALGURI,831668,ASSAM,UDALGURI,22,37803.09090909091,32.0,Very High Population per Bank,58.16,36.16,High Priority
JAMMU & KASHMIR,RAJOURI,642415,JAMMU & KASHMIR,RAJOURI,17,37789.117647058825,33.0,Very High Population per Bank,44.93,27.93,Moderate Priority
BIHAR,JAMUI,1760405,BIHAR,JAMUI,47,37455.425531914894,34.0,Very High Population per Bank,123.12,76.12,Very High Priority
BIHAR,PASHCHIM CHAMPARAN,3935042,BIHAR,PASCHIMI CHAMPARAN,106,37123.03773584906,35.0,Very High Population per Bank,275.21,169.21,Very High Priority
NAGALAND,KIPHIRE,74004,NAGALAND,KIPHIRE,2,37002.0,36.0,Very High Population per Bank,5.18,3.18,Low Priority
MANIPUR,CHANDEL,144182,MANIPUR,CHANDEL,4,36045.5,37.0,Very High Population per Bank,10.08,6.08,Low Priority
MADHYA PRADESH,SHIVPURI,1726050,MADHYA PRADESH,SHIVPURI,48,35959.375,38.0,Very High Population per Bank,120.72,72.72,Very High Priority
MEGHALAYA,SOUTH GARO HILLS,142334,MEGHALAYA,SOUTH GARO HILLS,4,35583.5,39.0,Very High Population per Bank,9.95,5.95,Low Priority
JAMMU & KASHMIR,RAMBAN,283713,JAMMU & KASHMIR,RAMBAN,8,35464.125,40.0,Very High Population per Bank,19.84,11.84,Low Priority
GUJARAT,BANAS KANTHA,3120506,GUJARAT,BANAS KANTHA,88,35460.295454545456,41.0,Very High Population per Bank,218.24,130.24,Very High Priority
MANIPUR,THOUBAL,422168,MANIPUR,THOUBAL,12,35180.666666666664,42.0,Very High Population per Bank,29.53,17.53,Moderate Priority
BIHAR,MADHUBANI,4487379,BIHAR,MADHUBANI,128,35057.6484375,43.0,Very High Population per Bank,313.84,185.84,Very High Priority
BIHAR,ARARIA,2811569,BIHAR,ARARIA,81,34710.72839506173,44.0,Very High Population per Bank,196.63,115.63,Very High Priority
BIHAR,SITAMARHI,3423574,BIHAR,SITAMARHI,99,34581.555555555555,45.0,Very High Population per Bank,239.44,140.44,Very High Priority
WEST BENGAL,UTTAR DINAJPUR,3007134,WEST BENGAL,UTTAR DINAJPUR,87,34564.75862068965,46.0,Very High Population per Bank,210.31,123.31,Very High Priority
ASSAM,BARPETA,1693622,ASSAM,BARPETA,49,34563.71428571428,47.0,Very High Population per Bank,118.45,69.45,Very High Priority
BIHAR,PURBA CHAMPARAN,5099371,BIHAR,PURBI CHAMPARAN,148,34455.20945945946,48.0,Very High Population per Bank,356.64,208.64,Very High Priority
UTTAR PRADESH,MORADABAD,4772006,UTTAR PRADESH,MORADABAD,140,34085.75714285715,49.0,Very High Population per Bank,333.74,193.74,Very High Priority
BIHAR,GOPALGANJ,2562012,BIHAR,GOPALGANJ,76,33710.68421052631,50.0,Very High Population per Bank,179.18,103.18,Very High Priority
TAMIL NADU,VELLORE,3936331,TAMIL NADU,VELLORE,117,33643.8547008547,51.0,Very High Population per Bank,275.3,158.3,Very High Priority
RAJASTHAN,BHARATPUR,2548462,RAJASTHAN,BHARATPUR,77,33096.90909090909,52.0,Very High Population per Bank,178.23,101.23,Very High Priority
ASSAM,MORIGAON,957423,ASSAM,MORIGAON,29,33014.58620689655,53.0,Very High Population per Bank,66.96,37.96,High Priority
UTTAR PRADESH,SITAPUR,4483992,UTTAR PRADESH,SITAPUR,136,32970.529411764706,54.0,Very High Population per Bank,313.6,177.6,Very High Priority
MADHYA PRADESH,SHEOPUR,687861,MADHYA PRADESH,SHEOPUR,21,32755.285714285714,55.0,Very High Population per Bank,48.11,27.11,Moderate Priority
CHHATTISGARH,RAJNANDGAON,1537133,CHHATTISGARH,RAJNANDGAON,47,32704.957446808512,56.0,Very High Population per Bank,107.5,60.5,High Priority
BIHAR,KISHANGANJ,1690400,BIHAR,KISHANGANJ,52,32507.69230769231,57.0,Very High Population per Bank,118.22,66.22,High Priority
UTTAR PRADESH,FARRUKHABAD,1885204,UTTAR PRADESH,FARRUKHABAD,58,32503.51724137931,58.0,Very High Population per Bank,131.85,73.85,Very High Priority
MAHARASHTRA,PARBHANI,1836086,MAHARASHTRA,PARBHANI,57,32212.035087719298,59.0,Very High Population per Bank,128.41,71.41,Very High Priority
ODISHA,NABARANGAPUR,1220946,ODISHA,NAWRANGPUR,38,32130.157894736843,60.0,Very High Population per Bank,85.39,47.39,High Priority
RAJASTHAN,ALWAR,3674179,RAJASTHAN,ALWAR,115,31949.38260869565,61.0,Very High Population per Bank,256.96,141.96,Very High Priority
TAMIL NADU,KANCHEEPURAM,3998252,TAMIL NADU,KANCHEEPURAM,126,31732.15873015873,62.0,Very High Population per Bank,279.63,153.63,Very High Priority
ASSAM,KOKRAJHAR,887142,ASSAM,KOKRAJHAR,28,31683.64285714286,63.0,Very High Population per Bank,62.04,34.04,High Priority
JAMMU & KASHMIR,DODA,409936,JAMMU & KASHMIR,DODA,13,31533.53846153846,64.0,Very High Population per Bank,28.67,15.67,Low Priority
ASSAM,GOALPARA,1008183,ASSAM,GOALPARA,32,31505.71875,65.0,Very High Population per Bank,70.51,38.51,High Priority
MIZORAM,CHAMPHAI,125745,MIZORAM,CHAMPHAI,4,31436.25,66.0,Very High Population per Bank,8.79,4.79,Low Priority
TRIPURA,SOUTH TRIPURA,876001,TRIPURA,SOUTH TRIPURA,28,31285.75,67.0,Very High Population per Bank,61.27,33.27,Moderate Priority
UTTAR PRADESH,BALRAMPUR,2148665,UTTAR PRADESH,BALRAMPUR,69,31140.072463768116,68.0,Very High Population per Bank,150.27,81.27,Very High Priority
UTTAR PRADESH,KUSHINAGAR,3564544,UTTAR PRADESH,KUSHI NAGAR,115,30996.034782608695,69.0,Very High Population per Bank,249.29,134.29,Very High Priority
UTTAR PRADESH,CHITRAKOOT,991730,UTTAR PRADESH,CHITRAKOOT,32,30991.5625,70.0,Very High Population per Bank,69.36,37.36,High Priority
MADHYA PRADESH,SATNA,2228935,MADHYA PRADESH,SATNA,72,30957.430555555555,71.0,Very High Population per Bank,155.89,83.89,Very High Priority
BIHAR,SARAN,3951862,BIHAR,SARAN,128,30873.921875,72.0,Very High Population per Bank,276.38,148.38,Very High Priority
UTTAR PRADESH,SIDDHARTHNAGAR,2559297,UTTAR PRADESH,SIDHARTHANAGAR,83,30834.90361445783,73.0,Very High Population per Bank,178.99,95.99,Very High Priority
MAHARASHTRA,BID,2585049,MAHARASHTRA,BID,84,30774.39285714286,74.0,Very High Population per Bank,180.79,96.79,Very High Priority
ASSAM,KARIMGANJ,1228686,ASSAM,SRIBHUMI,40,30717.15,75.0,Very High Population per Bank,85.93,45.93,High Priority
UTTAR PRADESH,BANDA,1799410,UTTAR PRADESH,BANDA,59,30498.474576271186,76.0,Very High Population per Bank,125.85,66.85,High Priority
RAJASTHAN,JALOR,1828730,RAJASTHAN,JALOR,60,30478.833333333332,77.0,Very High Population per Bank,127.9,67.9,Very High Priority
UTTAR PRADESH,SHRAWASTI,1117361,UTTAR PRADESH,SHRAVASTI,37,30198.945945945947,78.0,Very High Population per Bank,78.15,41.15,High Priority
MAHARASHTRA,HINGOLI,1177345,MAHARASHTRA,HINGOLI,39,30188.333333333332,79.0,Very High Population per Bank,82.34,43.34,High Priority
BIHAR,SAHARSA,1900661,BIHAR,SAHARSA,63,30169.222222222223,80.0,Very High Population per Bank,132.93,69.93,Very High Priority
BIHAR,MADHEPURA,2001762,BIHAR,MADHEPURA,67,29877.044776119405,81.0,Very High Population per Bank,140.0,73.0,Very High Priority
BIHAR,SIWAN,3330464,BIHAR,SIWAN,112,29736.285714285714,82.0,Very High Population per Bank,232.92,120.92,Very High Priority
MADHYA PRADESH,SIDHI,1127033,MADHYA PRADESH,SIDHI,38,29658.763157894737,83.0,Very High Population per Bank,78.82,40.82,High Priority
WEST BENGAL,JALPAIGURI,3872846,WEST BENGAL,JALPAIGURI,131,29563.709923664122,84.0,Very High Population per Bank,270.86,139.86,Very High Priority
UTTAR PRADESH,MAHRAJGANJ,2684703,UTTAR PRADESH,MAHARAJGANJ,91,29502.23076923077,85.0,Very High Population per Bank,187.76,96.76,Very High Priority
MIZORAM,LAWNGTLAI,117894,MIZORAM,LAWNGTLAI,4,29473.5,86.0,Very High Population per Bank,8.25,4.25,Low Priority
RAJASTHAN,DHAULPUR,1206516,RAJASTHAN,DHOLPUR,41,29427.219512195123,87.0,Very High Population per Bank,84.38,43.38,High Priority
ASSAM,NAGAON,2823768,ASSAM,NAGAON,96,29414.25,88.0,Very High Population per Bank,197.49,101.49,Very High Priority
MADHYA PRADESH,BHIND,1703005,MADHYA PRADESH,BHIND,58,29362.155172413793,89.0,Very High Population per Bank,119.1,61.1,High Priority
MADHYA PRADESH,MORENA,1965970,MADHYA PRADESH,MORENA,67,29342.83582089552,90.0,Very High Population per Bank,137.49,70.49,Very High Priority
BIHAR,SUPAUL,2229076,BIHAR,SUPAUL,76,29329.947368421053,91.0,Very High Population per Bank,155.9,79.9,Very High Priority
WEST BENGAL,MALDAH,3988845,WEST BENGAL,MALDAH,136,29329.742647058825,92.0,Very High Population per Bank,278.97,142.97,Very High Priority
BIHAR,KHAGARIA,1666886,BIHAR,KHAGARIA,57,29243.614035087718,93.0,Very High Population per Bank,116.58,59.58,High Priority
ARUNACHAL PRADESH,LOHIT,145726,ARUNACHAL PRADESH,LOHIT,5,29145.2,94.0,Very High Population per Bank,10.19,5.19,Low Priority
UTTAR PRADESH,SANT KABIR NAGAR,1715183,UTTAR PRADESH,SANT KABIR NAGAR,59,29070.898305084746,95.0,Very High Population per Bank,119.96,60.96,High Priority
TAMIL NADU,VILUPPURAM,3458873,TAMIL NADU,VILLUPURAM,119,29066.159663865546,96.0,Very High Population per Bank,241.9,122.9,Very High Priority
BIHAR,DARBHANGA,3937385,BIHAR,DARBHANGA,136,28951.360294117647,97.0,Very High Population per Bank,275.37,139.37,Very High Priority
TAMIL NADU,NAGAPATTINAM,1616450,TAMIL NADU,NAGAPATTINAM,56,28865.178571428572,98.0,Very High Population per Bank,113.05,57.05,High Priority
MAHARASHTRA,JALNA,1959046,MAHARASHTRA,JALNA,68,28809.5,99.0,Very High Population per Bank,137.01,69.01,Very High Priority
ASSAM,HAILAKANDI,659296,ASSAM,HAILAKANDI,23,28665.043478260868,100.0,Very High Population per Bank,46.11,23.11,Moderate Priority
ANDHRA PRADESH,PRAKASAM,3397448,ANDHRA PRADESH,PRAKASAM,119,28549.983193277312,101.0,Very High Population per Bank,237.61,118.61,Very High Priority
BIHAR,KATIHAR,3071029,BIHAR,KATIHAR,108,28435.453703703704,102.0,Very High Population per Bank,214.78,106.78,Very High Priority
UTTAR PRADESH,GONDA,3433919,UTTAR PRADESH,GONDA,121,28379.495867768594,103.0,Very High Population per Bank,240.16,119.16,Very High Priority
UTTAR PRADESH,JYOTIBA PHULE NAGAR,1840221,UTTAR PRADESH,AMROHA,65,28311.092307692306,104.0,Very High Population per Bank,128.7,63.7,High Priority
MAHARASHTRA,NANDED,3361292,MAHARASHTRA,NANDED,119,28246.1512605042,105.0,Very High Population per Bank,235.08,116.08,Very High Priority
MADHYA PRADESH,PANNA,1016520,MADHYA PRADESH,PANNA,36,28236.666666666668,106.0,Very High Population per Bank,71.09,35.09,High Priority
MADHYA PRADESH,DINDORI,704524,MADHYA PRADESH,DINDORI,25,28180.96,107.0,Very High Population per Bank,49.27,24.27,Moderate Priority
UTTAR PRADESH,KANSHIRAM NAGAR,1436719,UTTAR PRADESH,KASGANJ,51,28170.960784313724,108.0,Very High Population per Bank,100.48,49.48,High Priority
WEST BENGAL,BARDDHAMAN,7717563,WEST BENGAL,PURBA BARDHAMAN,274,28166.28832116788,109.0,Very High Population per Bank,539.75,265.75,Very High Priority
MANIPUR,TAMENGLONG,140651,MANIPUR,TAMENGLONG,5,28130.2,110.0,Very High Population per Bank,9.84,4.84,Low Priority
NAGALAND,TUENSANG,196596,NAGALAND,TUENSANG,7,28085.14285714286,111.0,Very High Population per Bank,13.75,6.75,Low Priority
ARUNACHAL PRADESH,WEST SIANG,112274,ARUNACHAL PRADESH,WEST SIANG,4,28068.5,112.0,Very High Population per Bank,7.85,3.85,Low Priority
MEGHALAYA,WEST GARO HILLS,643291,MEGHALAYA,WEST GARO HILLS,23,27969.17391304348,113.0,Very High Population per Bank,44.99,21.99,Moderate Priority
ARUNACHAL PRADESH,UPPER SUBANSIRI,83448,ARUNACHAL PRADESH,UPPER SUBANSIRI,3,27816.0,114.0,Very High Population per Bank,5.84,2.84,Low Priority
BIHAR,LAKHISARAI,1000912,BIHAR,LAKHISARAI,36,27803.11111111111,115.0,Very High Population per Bank,70.0,34.0,High Priority
JHARKHAND,PALAMU,1939869,JHARKHAND,PALAMAU,70,27712.414285714287,116.0,Very High Population per Bank,135.67,65.67,High Priority
BIHAR,ROHTAS,2959918,BIHAR,ROHTAS,107,27662.78504672897,117.0,Very High Population per Bank,207.01,100.01,Very High Priority
MADHYA PRADESH,SEONI,1379131,MADHYA PRADESH,SEONI,50,27582.62,118.0,Very High Population per Bank,96.45,46.45,High Priority
MADHYA PRADESH,CHHATARPUR,1762375,MADHYA PRADESH,CHHATARPUR,64,27537.109375,119.0,Very High Population per Bank,123.26,59.26,High Priority
MADHYA PRADESH,SHAJAPUR,1512681,MADHYA PRADESH,SHAJAPUR,55,27503.29090909091,120.0,Very High Population per Bank,105.79,50.79,High Priority
MADHYA PRADESH,DAMOH,1264219,MADHYA PRADESH,DAMOH,46,27483.021739130436,121.0,Very High Population per Bank,88.42,42.42,High Priority
GUJARAT,PANCH MAHALS,2390776,GUJARAT,PANCH MAHALS,87,27480.183908045976,122.0,Very High Population per Bank,167.2,80.2,Very High Priority
UTTAR PRADESH,MAINPURI,1868529,UTTAR PRADESH,MAINPURI,68,27478.367647058825,123.0,Very High Population per Bank,130.68,62.68,High Priority
ASSAM,DHEMAJI,686133,ASSAM,DHEMAJI,25,27445.32,124.0,Very High Population per Bank,47.99,22.99,Moderate Priority
NAGALAND,PHEK,163418,NAGALAND,PHEK,6,27236.333333333332,125.0,Very High Population per Bank,11.43,5.43,Low Priority
HARYANA,MEWAT,1089263,HARYANA,NUH,40,27231.575,126.0,Very High Population per Bank,76.18,36.18,High Priority
MADHYA PRADESH,REWA,2365106,MADHYA PRADESH,REWA,87,27185.126436781607,127.0,Very High Population per Bank,165.41,78.41,Very High Priority
MAHARASHTRA,OSMANABAD,1657576,MAHARASHTRA,DHARASHIV,61,27173.377049180326,128.0,Very High Population per Bank,115.93,54.93,High Priority
BIHAR,VAISHALI,3495021,BIHAR,VAISHALI,129,27093.18604651163,129.0,Very High Population per Bank,244.43,115.43,Very High Priority
WEST BENGAL,DAKSHIN DINAJPUR,1676276,WEST BENGAL,DAKSHIN DINAJPUR,62,27036.709677419356,130.0,Very High Population per Bank,117.23,55.23,High Priority
BIHAR,BHOJPUR,2728407,BIHAR,BHOJPUR,101,27013.930693069306,131.0,Very High Population per Bank,190.82,89.82,Very High Priority
JHARKHAND,GARHWA,1322784,JHARKHAND,GARHWA,49,26995.591836734693,132.0,Very High Population per Bank,92.51,43.51,High Priority
RAJASTHAN,PALI,2037573,RAJASTHAN,PALI,76,26810.17105263158,133.0,Very High Population per Bank,142.5,66.5,High Priority
UTTAR PRADESH,BALLIA,3239774,UTTAR PRADESH,BALLIA,121,26774.99173553719,134.0,Very High Population per Bank,226.58,105.58,Very High Priority
BIHAR,BANKA,2034763,BIHAR,BANKA,76,26773.197368421053,135.0,Very High Population per Bank,142.31,66.31,High Priority
BIHAR,NALANDA,2877653,BIHAR,NALANDA,108,26644.935185185186,136.0,Very High Population per Bank,201.26,93.26,Very High Priority
MANIPUR,SENAPATI,479148,MANIPUR,SENAPATI,18,26619.333333333332,137.0,Very High Population per Bank,33.51,15.51,Low Priority
CHHATTISGARH,KABEERDHAM,822526,CHHATTISGARH,KABEERDHAM,31,26533.09677419355,138.0,Very High Population per Bank,57.53,26.53,Moderate Priority
BIHAR,SAMASTIPUR,4261566,BIHAR,SAMASTIPUR,161,26469.35403726708,139.0,Very High Population per Bank,298.04,137.04,Very High Priority
BIHAR,SHEOHAR,656246,BIHAR,SHEOHAR,25,26249.84,140.0,Very High Population per Bank,45.9,20.9,Moderate Priority
BIHAR,KAIMUR (BHABUA),1626384,BIHAR,KAIMUR,62,26232.0,141.0,Very High Population per Bank,113.75,51.75,High Priority
KARNATAKA,BELLARY,2452595,KARNATAKA,BALLARI,94,26091.436170212764,142.0,Very High Population per Bank,171.53,77.53,Very High Priority
RAJASTHAN,BANSWARA,1797485,RAJASTHAN,BANSWARA,69,26050.507246376812,143.0,Very High Population per Bank,125.71,56.71,High Priority
WEST BENGAL,MURSHIDABAD,7103807,WEST BENGAL,MURSHIDABAD,274,25926.30291970803,144.0,Very High Population per Bank,496.82,222.82,Very High Priority
UTTAR PRADESH,FATEHPUR,2632733,UTTAR PRADESH,FATEHPUR,102,25811.107843137255,145.0,Very High Population per Bank,184.13,82.13,Very High Priority
MADHYA PRADESH,UMARIA,644758,MADHYA PRADESH,UMARIA,25,25790.32,146.0,Very High Population per Bank,45.09,20.09,Moderate Priority
RAJASTHAN,PRATAPGARH,867848,RAJASTHAN,PRATAPGARH,34,25524.941176470587,147.0,Very High Population per Bank,60.69,26.69,Moderate Priority
ASSAM,LAKHIMPUR,1042137,ASSAM,LAKHIMPUR,41,25417.975609756097,148.0,Very High Population per Bank,72.88,31.88,Moderate Priority
BIHAR,AURANGABAD,2540073,BIHAR,AURANGABAD,100,25400.73,149.0,Very High Population per Bank,177.65,77.65,Very High Priority
NAGALAND,LONGLENG,50484,NAGALAND,LONGLENG,2,25242.0,150.0,Very High Population per Bank,3.53,1.53,Low Priority
UTTAR PRADESH,BASTI,2464464,UTTAR PRADESH,BASTI,98,25147.591836734693,151.0,Very High Population per Bank,172.36,74.36,Very High Priority
CHHATTISGARH,SURGUJA,2359886,CHHATTISGARH,SURGUJA,94,25105.17021276596,152.0,Very High Population per Bank,165.04,71.04,Very High Priority
JHARKHAND,SAHIBGANJ,1150567,JHARKHAND,SAHEBGANJ,46,25012.32608695652,153.0,Very High Population per Bank,80.47,34.47,High Priority
UTTAR PRADESH,ETAH,1774480,UTTAR PRADESH,ETAH,71,24992.676056338027,154.0,Very High Population per Bank,124.1,53.1,High Priority
UTTAR PRADESH,HARDOI,4092845,UTTAR PRADESH,HARDOI,164,24956.371951219513,155.0,Very High Population per Bank,286.24,122.24,Very High Priority
BIHAR,GAYA,4391418,BIHAR,GAYA,177,24810.271186440677,156.0,Very High Population per Bank,307.12,130.12,Very High Priority
MAHARASHTRA,LATUR,2454196,MAHARASHTRA,LATUR,99,24789.858585858587,157.0,Very High Population per Bank,171.64,72.64,Very High Priority
ASSAM,BONGAIGAON,738804,ASSAM,BONGAIGAON,30,24626.8,158.0,Very High Population per Bank,51.67,21.67,Moderate Priority
GUJARAT,SABAR KANTHA,2428589,GUJARAT,SABAR KANTHA,99,24531.20202020202,159.0,Very High Population per Bank,169.85,70.85,Very High Priority
UTTAR PRADESH,BARA BANKI,3260699,UTTAR PRADESH,BARA BANKI,133,24516.533834586466,160.0,Very High Population per Bank,228.04,95.04,Very High Priority
UTTAR PRADESH,PRATAPGARH,3209141,UTTAR PRADESH,PRATAPGARH,131,24497.25954198473,161.0,High Population per Bank,224.44,93.44,Very High Priority
MADHYA PRADESH,GUNA,1241519,MADHYA PRADESH,GUNA,51,24343.50980392157,162.0,High Population per Bank,86.83,35.83,High Priority
ASSAM,CHIRANG,482162,ASSAM,CHIRANG,20,24108.1,163.0,High Population per Bank,33.72,13.72,Low Priority
WEST BENGAL,KOCH BIHAR,2819086,WEST BENGAL,KOCH BIHAR,117,24094.752136752137,164.0,High Population per Bank,197.16,80.16,Very High Priority
UTTAR PRADESH,DEORIA,3100946,UTTAR PRADESH,DEORIA,129,24038.341085271317,165.0,High Population per Bank,216.87,87.87,Very High Priority
UTTAR PRADESH,KANNAUJ,1656616,UTTAR PRADESH,KANAUJ,69,24008.927536231884,166.0,High Population per Bank,115.86,46.86,High Priority
UTTAR PRADESH,KHERI,4021243,UTTAR PRADESH,KHERI,168,23935.970238095237,167.0,High Population per Bank,281.24,113.24,Very High Priority
MADHYA PRADESH,BARWANI,1385881,MADHYA PRADESH,BARWANI,58,23894.5,168.0,High Population per Bank,96.92,38.92,High Priority
NAGALAND,PEREN,95219,NAGALAND,PEREN,4,23804.75,169.0,High Population per Bank,6.66,2.66,Low Priority
MADHYA PRADESH,SHAHDOL,1066063,MADHYA PRADESH,SHAHDOL,45,23690.28888888889,170.0,High Population per Bank,74.56,29.56,Moderate Priority
UTTAR PRADESH,UNNAO,3108367,UTTAR PRADESH,UNNAO,132,23548.234848484848,171.0,High Population per Bank,217.39,85.39,Very High Priority
BIHAR,PURNIA,3264619,BIHAR,PURNIA,139,23486.46762589928,172.0,High Population per Bank,228.32,89.32,Very High Priority
UTTAR PRADESH,JALAUN,1689974,UTTAR PRADESH,JALAUN,72,23471.86111111111,173.0,High Population per Bank,118.19,46.19,High Priority
MADHYA PRADESH,RAJGARH,1545814,MADHYA PRADESH,RAJGARH,66,23421.424242424244,174.0,High Population per Bank,108.11,42.11,High Priority
BIHAR,BUXAR,1706352,BIHAR,BUXAR,73,23374.68493150685,175.0,High Population per Bank,119.34,46.34,High Priority
UTTAR PRADESH,RAMPUR,2335819,UTTAR PRADESH,RAMPUR,100,23358.19,176.0,High Population per Bank,163.36,63.36,High Priority
UTTAR PRADESH,FIROZABAD,2498156,UTTAR PRADESH,FIROZABAD,107,23347.252336448597,177.0,High Population per Bank,174.71,67.71,Very High Priority
MEGHALAYA,JAINTIA HILLS,395124,MEGHALAYA,WEST JAINTIA HILLS,17,23242.58823529412,178.0,High Population per Bank,27.63,10.63,Low Priority
MAHARASHTRA,NANDURBAR,1648295,MAHARASHTRA,NANDURBAR,71,23215.422535211266,179.0,High Population per Bank,115.28,44.28,High Priority
TRIPURA,NORTH TRIPURA,693947,TRIPURA,NORTH TRIPURA,30,23131.566666666666,180.0,High Population per Bank,48.53,18.53,Moderate Priority
WEST BENGAL,SOUTH TWENTY FOUR PARGANAS,8161961,WEST BENGAL,SOUTH 24 PARGANAS,353,23121.70254957507,181.0,High Population per Bank,570.83,217.83,Very High Priority
MAHARASHTRA,WASHIM,1197160,MAHARASHTRA,WASHIM,52,23022.30769230769,182.0,High Population per Bank,83.73,31.73,Moderate Priority
ASSAM,SIVASAGAR,1151050,ASSAM,SIBSAGAR,50,23021.0,183.0,High Population per Bank,80.5,30.5,Moderate Priority
HARYANA,BHIWANI,1634445,HARYANA,BHIWANI,71,23020.352112676057,184.0,High Population per Bank,114.31,43.31,High Priority
MAHARASHTRA,GADCHIROLI,1072942,MAHARASHTRA,GADCHIROLI,47,22828.55319148936,185.0,High Population per Bank,75.04,28.04,Moderate Priority
BIHAR,ARWAL,700843,BIHAR,ARWAL,31,22607.83870967742,186.0,High Population per Bank,49.02,18.02,Moderate Priority
WEST BENGAL,PURULIYA,2930115,WEST BENGAL,PURULIYA,130,22539.346153846152,187.0,High Population per Bank,204.92,74.92,Very High Priority
UTTAR PRADESH,MAU,2205968,UTTAR PRADESH,MAU,98,22509.877551020407,188.0,High Population per Bank,154.28,56.28,High Priority
MADHYA PRADESH,CHHINDWARA,2090922,MADHYA PRADESH,CHHINDWARA,93,22483.032258064515,189.0,High Population per Bank,146.23,53.23,High Priority
UTTAR PRADESH,JAUNPUR,4494204,UTTAR PRADESH,JAUNPUR,200,22471.02,190.0,High Population per Bank,314.31,114.31,Very High Priority
UTTAR PRADESH,MAHOBA,875958,UTTAR PRADESH,MAHOBA,39,22460.46153846154,191.0,High Population per Bank,61.26,22.26,Moderate Priority
UTTAR PRADESH,BIJNOR,3682713,UTTAR PRADESH,BIJNOR,164,22455.567073170732,192.0,High Population per Bank,257.56,93.56,Very High Priority
MADHYA PRADESH,BALAGHAT,1701698,MADHYA PRADESH,BALAGHAT,76,22390.763157894737,193.0,High Population per Bank,119.01,43.01,High Priority
JHARKHAND,GUMLA,1025213,JHARKHAND,GUMLA,46,22287.239130434784,194.0,High Population per Bank,71.7,25.7,Moderate Priority
CHHATTISGARH,DAKSHIN BASTAR DANTEWADA,533638,CHHATTISGARH,DAKSHIN BASTAR DANTEWADA,24,22234.916666666668,195.0,High Population per Bank,37.32,13.32,Low Priority
JHARKHAND,SIMDEGA,599578,JHARKHAND,SIMDEGA,27,22206.59259259259,196.0,High Population per Bank,41.93,14.93,Low Priority
BIHAR,BEGUSARAI,2970541,BIHAR,BEGUSARAI,134,22168.216417910447,197.0,High Population per Bank,207.75,73.75,Very High Priority
UTTAR PRADESH,AZAMGARH,4613913,UTTAR PRADESH,AZAMGARH,209,22076.13875598086,198.0,High Population per Bank,322.68,113.68,Very High Priority
RAJASTHAN,DUNGARPUR,1388552,RAJASTHAN,DUNGARPUR,63,22040.507936507936,199.0,High Population per Bank,97.11,34.11,High Priority
MADHYA PRADESH,ANUPPUR,749237,MADHYA PRADESH,ANUPPUR,34,22036.382352941175,200.0,High Population per Bank,52.4,18.4,Moderate Priority
MADHYA PRADESH,KHARGONE (WEST NIMAR),1873046,MADHYA PRADESH,WEST NIMAR,85,22035.835294117645,201.0,High Population per Bank,131.0,46.0,High Priority
JHARKHAND,LATEHAR,726978,JHARKHAND,LATEHAR,33,22029.636363636364,202.0,High Population per Bank,50.84,17.84,Moderate Priority
WEST BENGAL,NADIA,5167600,WEST BENGAL,NADIA,235,21989.787234042553,203.0,High Population per Bank,361.41,126.41,Very High Priority
MADHYA PRADESH,MANDLA,1054905,MADHYA PRADESH,MANDLA,48,21977.1875,204.0,High Population per Bank,73.78,25.78,Moderate Priority
JHARKHAND,PAKUR,900422,JHARKHAND,PAKUR,41,21961.51219512195,205.0,High Population per Bank,62.97,21.97,Moderate Priority
WEST BENGAL,PASCHIM MEDINIPUR,5913457,WEST BENGAL,PASCHIM MEDINIPUR,270,21901.692592592593,206.0,High Population per Bank,413.57,143.57,Very High Priority
CHHATTISGARH,JANJGIR - CHAMPA,1619707,CHHATTISGARH,JANJGIR-CHAMPA,74,21887.932432432433,207.0,High Population per Bank,113.28,39.28,High Priority
UTTAR PRADESH,AMBEDKAR NAGAR,2397888,UTTAR PRADESH,AMBEDKAR NAGAR,110,21798.98181818182,208.0,High Population per Bank,167.7,57.7,High Priority
RAJASTHAN,JHALAWAR,1411129,RAJASTHAN,JHALAWAR,65,21709.676923076924,209.0,High Population per Bank,98.69,33.69,Moderate Priority
MIZORAM,MAMIT,86364,MIZORAM,MAMIT,4,21591.0,210.0,High Population per Bank,6.04,2.04,Low Priority
UTTAR PRADESH,LALITPUR,1221592,UTTAR PRADESH,LALITPUR,57,21431.43859649123,211.0,High Population per Bank,85.43,28.43,Moderate Priority
WEST BENGAL,BANKURA,3596674,WEST BENGAL,BANKURA,168,21408.77380952381,212.0,High Population per Bank,251.54,83.54,Very High Priority
KARNATAKA,YADGIR,1174271,KARNATAKA,YADGIR,55,21350.381818181817,213.0,High Population per Bank,82.13,27.13,Moderate Priority
BIHAR,MUZAFFARPUR,4801062,BIHAR,MUZAFFARPUR,225,21338.053333333333,214.0,High Population per Bank,335.77,110.77,Very High Priority
JAMMU & KASHMIR,SRINAGAR,1236829,JAMMU & KASHMIR,SRINAGAR,58,21324.637931034482,215.0,High Population per Bank,86.5,28.5,Moderate Priority
WEST BENGAL,PURBA MEDINIPUR,5095875,WEST BENGAL,PURBA MEDINIPUR,240,21232.8125,216.0,High Population per Bank,356.39,116.39,Very High Priority
BIHAR,JEHANABAD,1125313,BIHAR,JEHANABAD,53,21232.32075471698,217.0,High Population per Bank,78.7,25.7,Moderate Priority
BIHAR,SHEIKHPURA,636342,BIHAR,SHEIKHPURA,30,21211.4,218.0,High Population per Bank,44.5,14.5,Low Priority
ARUNACHAL PRADESH,CHANGLANG,148226,ARUNACHAL PRADESH,CHUNGLANG,7,21175.14285714286,219.0,High Population per Bank,10.37,3.37,Low Priority
ODISHA,MALKANGIRI,613192,ODISHA,MALKANGIRI,29,21144.55172413793,220.0,High Population per Bank,42.89,13.89,Low Priority
ASSAM,SONITPUR,1924110,ASSAM,SONITPUR,91,21144.065934065933,221.0,High Population per Bank,134.57,43.57,High Priority
MADHYA PRADESH,SINGRAULI,1178273,MADHYA PRADESH,SINGRAULI,56,21040.589285714286,222.0,High Population per Bank,82.41,26.41,Moderate Priority
MADHYA PRADESH,DHAR,2185793,MADHYA PRADESH,DHAR,104,21017.240384615383,223.0,High Population per Bank,152.87,48.87,High Priority
MAHARASHTRA,YAVATMAL,2772348,MAHARASHTRA,YAVATMAL,132,21002.636363636364,224.0,High Population per Bank,193.89,61.89,High Priority
ANDHRA PRADESH,MAHBUBNAGAR,4053028,ANDHRA PRADESH,MAHBUBNAGAR,193,21000.145077720208,225.0,High Population per Bank,283.46,90.46,Very High Priority
GUJARAT,PATAN,1343734,GUJARAT,PATAN,64,20995.84375,226.0,High Population per Bank,93.98,29.98,Moderate Priority
MAHARASHTRA,GONDIYA,1322507,MAHARASHTRA,GONDIA,63,20992.174603174604,227.0,High Population per Bank,92.49,29.49,Moderate Priority
MAHARASHTRA,DHULE,2050862,MAHARASHTRA,DHULE,98,20927.163265306124,228.0,High Population per Bank,143.43,45.43,High Priority
ASSAM,GOLAGHAT,1066888,ASSAM,GOLAGHAT,51,20919.37254901961,229.0,High Population per Bank,74.62,23.62,Moderate Priority
UTTAR PRADESH,AURAIYA,1379545,UTTAR PRADESH,AURAIYA,66,20902.196969696968,230.0,High Population per Bank,96.48,30.48,Moderate Priority
JHARKHAND,CHATRA,1042886,JHARKHAND,CHATRA,50,20857.72,231.0,High Population per Bank,72.94,22.94,Moderate Priority
UTTAR PRADESH,MUZAFFARNAGAR,4143512,UTTAR PRADESH,MUZAFFARNAGAR,199,20821.668341708544,232.0,High Population per Bank,289.79,90.79,Very High Priority
ASSAM,CACHAR,1736617,ASSAM,CACHAR,84,20674.011904761905,233.0,High Population per Bank,121.45,37.45,High Priority
ASSAM,DARRANG,928500,ASSAM,DARRANG,45,20633.333333333332,234.0,High Population per Bank,64.94,19.94,Moderate Priority
MADHYA PRADESH,ASHOKNAGAR,845071,MADHYA PRADESH,ASHOKNAGAR,41,20611.48780487805,235.0,High Population per Bank,59.1,18.1,Moderate Priority
ODISHA,KORAPUT,1379647,ODISHA,KORAPUT,67,20591.746268656716,236.0,High Population per Bank,96.49,29.49,Moderate Priority
RAJASTHAN,KARAULI,1458248,RAJASTHAN,KARAULI,71,20538.704225352114,237.0,High Population per Bank,101.99,30.99,Moderate Priority
MANIPUR,UKHRUL,183998,MANIPUR,UKHRUL,9,20444.222222222223,238.0,High Population per Bank,12.87,3.87,Low Priority
MAHARASHTRA,JALGAON,4229917,MAHARASHTRA,JALGAON,207,20434.38164251208,239.0,High Population per Bank,295.83,88.83,Very High Priority
WEST BENGAL,BIRBHUM,3502404,WEST BENGAL,BIRBHUM,172,20362.81395348837,240.0,High Population per Bank,244.95,72.95,Very High Priority
CHHATTISGARH,BILASPUR,2663629,CHHATTISGARH,BILASPUR,131,20333.045801526718,241.0,High Population per Bank,186.29,55.29,High Priority
MADHYA PRADESH,DEWAS,1563715,MADHYA PRADESH,DEWAS,77,20307.987012987014,242.0,High Population per Bank,109.36,32.36,Moderate Priority
UTTAR PRADESH,MIRZAPUR,2496970,UTTAR PRADESH,MIRZAPUR,123,20300.56910569106,243.0,High Population per Bank,174.63,51.63,High Priority
CHHATTISGARH,JASHPUR,851669,CHHATTISGARH,JASHPUR,42,20277.833333333332,244.0,High Population per Bank,59.56,17.56,Moderate Priority
RAJASTHAN,CHURU,2039547,RAJASTHAN,CHURU,101,20193.534653465347,245.0,High Population per Bank,142.64,41.64,High Priority
UTTAR PRADESH,KANPUR DEHAT,1796184,UTTAR PRADESH,KANPUR DEHAT,89,20181.842696629214,246.0,High Population per Bank,125.62,36.62,High Priority
MIZORAM,LUNGLEI,161428,MIZORAM,LUNGLEI,8,20178.5,247.0,High Population per Bank,11.29,3.29,Low Priority
UTTAR PRADESH,CHANDAULI,1952756,UTTAR PRADESH,CHANDAULI,97,20131.505154639177,248.0,High Population per Bank,136.57,39.57,High Priority
RAJASTHAN,BARAN,1222755,RAJASTHAN,BARAN,61,20045.16393442623,249.0,High Population per Bank,85.52,24.52,Moderate Priority
GUJARAT,JUNAGADH,2743082,GUJARAT,JUNAGADH,137,20022.496350364963,250.0,High Population per Bank,191.84,54.84,High Priority
CHHATTISGARH,NARAYANPUR,139820,CHHATTISGARH,NARAYANPUR,7,19974.285714285714,251.0,High Population per Bank,9.78,2.78,Low Priority
PUNJAB,FIROZPUR,2029074,PUNJAB,FEROZPUR,102,19892.882352941175,252.0,High Population per Bank,141.91,39.91,High Priority
UTTAR PRADESH,GHAZIPUR,3620268,UTTAR PRADESH,GHAZIPUR,182,19891.582417582416,253.0,High Population per Bank,253.19,71.19,Very High Priority
CHHATTISGARH,MAHASAMUND,1032754,CHHATTISGARH,MAHASAMUND,52,19860.653846153848,254.0,High Population per Bank,72.23,20.23,Moderate Priority
TAMIL NADU,TIRUNELVELI,3077233,TAMIL NADU,TIRUNELVALI,155,19853.11612903226,255.0,High Population per Bank,215.21,60.21,High Priority
UTTAR PRADESH,MAHAMAYA NAGAR,1564708,UTTAR PRADESH,HATHRAS,79,19806.430379746835,256.0,High Population per Bank,109.43,30.43,Moderate Priority
ASSAM,NALBARI,771639,ASSAM,NALBARI,39,19785.615384615383,257.0,High Population per Bank,53.97,14.97,Low Priority
KERALA,MALAPPURAM,4112920,KERALA,MALAPPURAM,208,19773.653846153848,258.0,High Population per Bank,287.65,79.65,Very High Priority
UTTAR PRADESH,ETAWAH,1581810,UTTAR PRADESH,ETAWAH,80,19772.625,259.0,High Population per Bank,110.63,30.63,Moderate Priority
UTTAR PRADESH,HAMIRPUR,1104285,UTTAR PRADESH,HAMIRPUR,56,19719.375,260.0,High Population per Bank,77.23,21.23,Moderate Priority
CHHATTISGARH,UTTAR BASTAR KANKER,748941,CHHATTISGARH,UTTAR BASTAR KANKER,38,19708.973684210527,261.0,High Population per Bank,52.38,14.38,Low Priority
MADHYA PRADESH,DATIA,786754,MADHYA PRADESH,DATIA,40,19668.85,262.0,High Population per Bank,55.02,15.02,Low Priority
UTTAR PRADESH,ALIGARH,3673889,UTTAR PRADESH,ALIGARH,187,19646.46524064171,263.0,High Population per Bank,256.94,69.94,Very High Priority
KARNATAKA,BIDAR,1703300,KARNATAKA,BIDAR,87,19578.16091954023,264.0,High Population per Bank,119.12,32.12,Moderate Priority
UTTAR PRADESH,PILIBHIT,2031007,UTTAR PRADESH,PILIBHIT,104,19528.91346153846,265.0,High Population per Bank,142.04,38.04,High Priority
UTTAR PRADESH,SHAHJAHANPUR,3006538,UTTAR PRADESH,SHAHJAHANPUR,154,19522.974025974025,266.0,High Population per Bank,210.27,56.27,High Priority
MAHARASHTRA,THANE,11060148,MAHARASHTRA,THANE,567,19506.433862433863,267.0,High Population per Bank,773.52,206.52,Very High Priority
UTTAR PRADESH,SANT RAVIDAS NAGAR (BHADOHI),1578213,UTTAR PRADESH,SANT RAVIDAS NAGAR,81,19484.11111111111,268.0,High Population per Bank,110.38,29.38,Moderate Priority
ODISHA,KALAHANDI,1576869,ODISHA,KALAHANDI,81,19467.51851851852,269.0,High Population per Bank,110.28,29.28,Moderate Priority
MAHARASHTRA,BULDANA,2586258,MAHARASHTRA,BULDHANA,133,19445.54887218045,270.0,High Population per Bank,180.88,47.88,High Priority
ANDHRA PRADESH,Y.S.R.,2882469,ANDHRA PRADESH,Y.S.R.,149,19345.42953020134,271.0,High Population per Bank,201.59,52.59,High Priority
CHHATTISGARH,KORBA,1206640,CHHATTISGARH,KORBA,63,19153.015873015873,272.0,High Population per Bank,84.39,21.39,Moderate Priority
KARNATAKA,GULBARGA,2566326,KARNATAKA,KALABURAGI,134,19151.68656716418,273.0,High Population per Bank,179.48,45.48,High Priority
MADHYA PRADESH,MANDSAUR,1340411,MADHYA PRADESH,MANDSAUR,70,19148.72857142857,274.0,High Population per Bank,93.74,23.74,Moderate Priority
RAJASTHAN,SIKAR,2677333,RAJASTHAN,SIKAR,140,19123.807142857142,275.0,High Population per Bank,187.25,47.25,High Priority
RAJASTHAN,BHILWARA,2408523,RAJASTHAN,BHILWARA,126,19115.261904761905,276.0,High Population per Bank,168.45,42.45,High Priority
JHARKHAND,GIRIDIH,2445474,JHARKHAND,GIRIDIH,128,19105.265625,277.0,High Population per Bank,171.03,43.03,High Priority
UTTAR PRADESH,KAUSHAMBI,1599596,UTTAR PRADESH,KAUSHAMBI,84,19042.809523809523,278.0,High Population per Bank,111.87,27.87,Moderate Priority
MANIPUR,IMPHAL EAST,456113,MANIPUR,IMPHAL EAST,24,19004.708333333332,279.0,High Population per Bank,31.9,7.9,Low Priority
BIHAR,MUNGER,1367765,BIHAR,MUNGER,72,18996.73611111111,280.0,High Population per Bank,95.66,23.66,Moderate Priority
GUJARAT,BHAVNAGAR,2880365,GUJARAT,BHAVNAGAR,153,18825.91503267974,281.0,High Population per Bank,201.45,48.45,High Priority
MAHARASHTRA,SOLAPUR,4317756,MAHARASHTRA,SOLAPUR,230,18772.852173913045,282.0,High Population per Bank,301.97,71.97,Very High Priority
KARNATAKA,CHITRADURGA,1659456,KARNATAKA,CHITRADURGA,89,18645.573033707864,283.0,High Population per Bank,116.06,27.06,Moderate Priority
HARYANA,PALWAL,1042708,HARYANA,PALWAL,56,18619.785714285714,284.0,High Population per Bank,72.92,16.92,Moderate Priority
RAJASTHAN,SIROHI,1036346,RAJASTHAN,SIROHI,56,18506.178571428572,285.0,High Population per Bank,72.48,16.48,Moderate Priority
JAMMU & KASHMIR,UDHAMPUR,554985,JAMMU & KASHMIR,UDHAMPUR,30,18499.5,286.0,High Population per Bank,38.81,8.81,Low Priority
MADHYA PRADESH,BURHANPUR,757847,MADHYA PRADESH,BURHANPUR,41,18484.073170731706,287.0,High Population per Bank,53.0,12.0,Low Priority
UTTAR PRADESH,BULANDSHAHR,3499171,UTTAR PRADESH,BULANDSHAHR,190,18416.68947368421,288.0,High Population per Bank,244.72,54.72,High Priority
MANIPUR,BISHNUPUR,237399,MANIPUR,BISHENPUR,13,18261.46153846154,289.0,High Population per Bank,16.6,3.6,Low Priority
JHARKHAND,GODDA,1313551,JHARKHAND,GODDA,72,18243.76388888889,290.0,High Population per Bank,91.87,19.87,Moderate Priority
MAHARASHTRA,AURANGABAD,3701282,MAHARASHTRA,CHHATRAPATI SAMBHAJINAGAR,203,18232.916256157634,291.0,High Population per Bank,258.86,55.86,High Priority
CHHATTISGARH,RAIGARH,1493984,CHHATTISGARH,RAIGARH,82,18219.317073170732,292.0,High Population per Bank,104.49,22.49,Moderate Priority
MADHYA PRADESH,KHANDWA (EAST NIMAR),1310061,MADHYA PRADESH,EAST NIMAR,72,18195.291666666668,293.0,High Population per Bank,91.62,19.62,Moderate Priority
KARNATAKA,DAVANAGERE,1945497,KARNATAKA,DAVANGERE,107,18182.21495327103,294.0,High Population per Bank,136.06,29.06,Moderate Priority
CHHATTISGARH,BASTAR,1413199,CHHATTISGARH,BASTAR,78,18117.9358974359,295.0,High Population per Bank,98.84,20.84,Moderate Priority
GUJARAT,SURENDRANAGAR,1756268,GUJARAT,SURENDRANAGAR,97,18105.855670103094,296.0,High Population per Bank,122.83,25.83,Moderate Priority
KARNATAKA,KOPPAL,1389920,KARNATAKA,KOPPAL,77,18050.909090909092,297.0,High Population per Bank,97.21,20.21,Moderate Priority
MADHYA PRADESH,SAGAR,2378458,MADHYA PRADESH,SAGAR,132,18018.621212121212,298.0,High Population per Bank,166.34,34.34,High Priority
GUJARAT,JAMNAGAR,2160119,GUJARAT,JAMNAGAR,120,18000.991666666665,299.0,High Population per Bank,151.07,31.07,Moderate Priority
JHARKHAND,JAMTARA,791042,JHARKHAND,JAMTARA,44,17978.227272727272,300.0,High Population per Bank,55.32,11.32,Low Priority
MADHYA PRADESH,NEEMUCH,826067,MADHYA PRADESH,NEEMUCH,46,17957.978260869564,301.0,High Population per Bank,57.77,11.77,Low Priority
KARNATAKA,HAVERI,1597668,KARNATAKA,HAVERI,89,17951.325842696628,302.0,High Population per Bank,111.74,22.74,Moderate Priority
JHARKHAND,PASHCHIMI SINGHBHUM,1502338,JHARKHAND,PASCHIMI SINGHBHUM,84,17884.97619047619,303.0,High Population per Bank,105.07,21.07,Moderate Priority
NAGALAND,MON,250260,NAGALAND,MON,14,17875.714285714286,304.0,High Population per Bank,17.5,3.5,Low Priority
RAJASTHAN,RAJSAMAND,1156597,RAJASTHAN,RAJSAMAND,65,17793.8,305.0,High Population per Bank,80.89,15.89,Moderate Priority
RAJASTHAN,DAUSA,1634409,RAJASTHAN,DAUSA,92,17765.315217391304,306.0,High Population per Bank,114.31,22.31,Moderate Priority
UTTAR PRADESH,RAE BARELI,3405559,UTTAR PRADESH,RAI BARELI,192,17737.286458333332,307.0,High Population per Bank,238.18,46.18,High Priority
NCT OF DELHI,NORTH WEST,3656539,NCT OF DELHI,NORTH-WEST DELHI,207,17664.43961352657,308.0,High Population per Bank,255.73,48.73,High Priority
ARUNACHAL PRADESH,UPPER SIANG,35320,ARUNACHAL PRADESH,UPPER SIANG,2,17660.0,309.0,High Population per Bank,2.47,0.47,Low Priority
RAJASTHAN,BUNDI,1110906,RAJASTHAN,BUNDI,63,17633.428571428572,310.0,High Population per Bank,77.69,14.69,Low Priority
MADHYA PRADESH,VIDISHA,1458875,MADHYA PRADESH,VIDISHA,83,17576.807228915663,311.0,High Population per Bank,102.03,19.03,Moderate Priority
ODISHA,BALANGIR,1648997,ODISHA,BALANGIR,94,17542.521276595744,312.0,High Population per Bank,115.33,21.33,Moderate Priority
KARNATAKA,RAICHUR,1928812,KARNATAKA,RAICHUR,110,17534.654545454545,313.0,High Population per Bank,134.9,24.9,Moderate Priority
RAJASTHAN,JHUNJHUNUN,2137045,RAJASTHAN,JHUNJHUNU,122,17516.762295081968,314.0,High Population per Bank,149.46,27.46,Moderate Priority
ANDHRA PRADESH,ADILABAD,2741239,ANDHRA PRADESH,ADILABAD,157,17460.12101910828,315.0,High Population per Bank,191.72,34.72,High Priority
ANDHRA PRADESH,SRIKAKULAM,2703114,ANDHRA PRADESH,SRIKAKULAM,155,17439.44516129032,316.0,High Population per Bank,189.05,34.05,High Priority
UTTAR PRADESH,BAREILLY,4448359,UTTAR PRADESH,BAREILLY,256,17376.40234375,317.0,High Population per Bank,311.11,55.11,High Priority
MAHARASHTRA,SANGLI,2822143,MAHARASHTRA,SANGLI,163,17313.76073619632,318.0,High Population per Bank,197.37,34.37,High Priority
TAMIL NADU,THIRUVALLUR,3728104,TAMIL NADU,THIRUVALLUR,216,17259.74074074074,319.0,High Population per Bank,260.73,44.73,High Priority
GUJARAT,TAPI,807022,GUJARAT,TAPI,47,17170.68085106383,320.0,High Population per Bank,56.44,9.44,Low Priority
ODISHA,KENDRAPARA,1440361,ODISHA,KENDRAPARA,84,17147.154761904763,321.0,Moderate Population per Bank,100.74,16.74,Moderate Priority
UTTAR PRADESH,SONBHADRA,1862559,UTTAR PRADESH,SONBHADRA,109,17087.697247706423,322.0,Moderate Population per Bank,130.26,21.26,Moderate Priority
SIKKIM,WEST DISTRICT,136435,SIKKIM,GYALSHING,8,17054.375,323.0,Moderate Population per Bank,9.54,1.54,Low Priority
ASSAM,KAMRUP,1517542,ASSAM,KAMRUP,89,17051.03370786517,324.0,Moderate Population per Bank,106.13,17.13,Moderate Priority
WEST BENGAL,HAORA,4850029,WEST BENGAL,HAORA,285,17017.64561403509,325.0,Moderate Population per Bank,339.2,54.2,High Priority
KARNATAKA,BIJAPUR,2177331,KARNATAKA,VIJAYAPURA,128,17010.3984375,326.0,Moderate Population per Bank,152.28,24.28,Moderate Priority
MADHYA PRADESH,KATNI,1292042,MADHYA PRADESH,KATNI,76,17000.552631578947,327.0,Moderate Population per Bank,90.36,14.36,Low Priority
BIHAR,BHAGALPUR,3037766,BIHAR,BHAGALPUR,180,16876.477777777778,328.0,Moderate Population per Bank,212.45,32.45,Moderate Priority
GUJARAT,NARMADA,590297,GUJARAT,NARMADA,35,16865.628571428573,329.0,Moderate Population per Bank,41.28,6.28,Low Priority
MADHYA PRADESH,RAISEN,1331597,MADHYA PRADESH,RAISEN,79,16855.6582278481,330.0,Moderate Population per Bank,93.13,14.13,Low Priority
MAHARASHTRA,AKOLA,1813906,MAHARASHTRA,AKOLA,108,16795.425925925927,331.0,Moderate Population per Bank,126.86,18.86,Moderate Priority
TAMIL NADU,DHARMAPURI,1506843,TAMIL NADU,DHARMAPURI,90,16742.7,332.0,Moderate Population per Bank,105.38,15.38,Low Priority
JHARKHAND,DUMKA,1321442,JHARKHAND,DUMKA,79,16727.113924050635,333.0,Moderate Population per Bank,92.42,13.42,Low Priority
JAMMU & KASHMIR,KATHUA,616435,JAMMU & KASHMIR,KATHUA,37,16660.405405405407,334.0,Moderate Population per Bank,43.11,6.11,Low Priority
NAGALAND,WOKHA,166343,NAGALAND,WOKHA,10,16634.3,335.0,Moderate Population per Bank,11.63,1.63,Low Priority
UTTAR PRADESH,ALLAHABAD,5954391,UTTAR PRADESH,PRAYAGRAJ,358,16632.377094972067,336.0,Moderate Population per Bank,416.43,58.43,High Priority
JHARKHAND,KHUNTI,531885,JHARKHAND,KHUNTI,32,16621.40625,337.0,Moderate Population per Bank,37.2,5.2,Low Priority
MAHARASHTRA,KOLHAPUR,3876001,MAHARASHTRA,KOLHAPUR,234,16564.106837606836,338.0,Moderate Population per Bank,271.08,37.08,High Priority
ODISHA,BHADRAK,1506337,ODISHA,BHADRAK,91,16553.153846153848,339.0,Moderate Population per Bank,105.35,14.35,Low Priority
ODISHA,NUAPADA,610382,ODISHA,NAWAPARA,37,16496.81081081081,340.0,Moderate Population per Bank,42.69,5.69,Low Priority
ODISHA,SUBARNAPUR,610183,ODISHA,SONEPUR,37,16491.432432432433,341.0,Moderate Population per Bank,42.67,5.67,Low Priority
TRIPURA,DHALAI,378230,TRIPURA,DHALAI,23,16444.782608695652,342.0,Moderate Population per Bank,26.45,3.45,Low Priority
RAJASTHAN,CHITTAURGARH,1544338,RAJASTHAN,CHITTAURGARH,94,16429.127659574468,343.0,Moderate Population per Bank,108.01,14.01,Low Priority
UTTAR PRADESH,FAIZABAD,2470996,UTTAR PRADESH,AYODHYA,151,16364.211920529802,344.0,Moderate Population per Bank,172.81,21.81,Moderate Priority
CHHATTISGARH,DHAMTARI,799781,CHHATTISGARH,DHAMTARI,49,16322.061224489797,345.0,Moderate Population per Bank,55.93,6.93,Low Priority
GUJARAT,THE DANGS,228291,GUJARAT,DANGS,14,16306.5,346.0,Moderate Population per Bank,15.97,1.97,Low Priority
RAJASTHAN,UDAIPUR,3068420,RAJASTHAN,UDAIPUR,189,16235.026455026455,347.0,Moderate Population per Bank,214.6,25.6,Moderate Priority
ODISHA,MAYURBHANJ,2519738,ODISHA,MAYURBHANJ,156,16152.166666666666,348.0,Moderate Population per Bank,176.22,20.22,Moderate Priority
ANDHRA PRADESH,CHITTOOR,4174064,ANDHRA PRADESH,CHITTOOR,259,16116.07722007722,349.0,Moderate Population per Bank,291.92,32.92,Moderate Priority
MAHARASHTRA,SATARA,3003741,MAHARASHTRA,SATARA,187,16062.786096256685,350.0,Moderate Population per Bank,210.07,23.07,Moderate Priority
ODISHA,KANDHAMAL,733110,ODISHA,KANDHAMAL,46,15937.173913043478,351.0,Moderate Population per Bank,51.27,5.27,Low Priority
TAMIL NADU,RAMANATHAPURAM,1353445,TAMIL NADU,RAMANATHAPURAM,85,15922.882352941177,352.0,Moderate Population per Bank,94.66,9.66,Low Priority
ODISHA,RAYAGADA,967911,ODISHA,RAYAGADA,61,15867.393442622952,353.0,Moderate Population per Bank,67.69,6.69,Low Priority
KARNATAKA,BELGAUM,4779661,KARNATAKA,BELAGAVI,302,15826.692052980132,354.0,Moderate Population per Bank,334.28,32.28,Moderate Priority
MADHYA PRADESH,RATLAM,1455069,MADHYA PRADESH,RATLAM,92,15815.967391304348,355.0,Moderate Population per Bank,101.76,9.76,Low Priority
MAHARASHTRA,NASHIK,6107187,MAHARASHTRA,NASIK,390,15659.453846153847,356.0,Moderate Population per Bank,427.12,37.12,High Priority
NAGALAND,ZUNHEBOTO,140757,NAGALAND,ZUNHEBOTO,9,15639.666666666666,357.0,Moderate Population per Bank,9.84,0.84,Low Priority
MAHARASHTRA,CHANDRAPUR,2204307,MAHARASHTRA,CHANDRAPUR,141,15633.382978723404,358.0,Moderate Population per Bank,154.16,13.16,Low Priority
ASSAM,JORHAT,1092256,ASSAM,JORHAT,70,15603.657142857142,359.0,Moderate Population per Bank,76.39,6.39,Low Priority
UTTAR PRADESH,SAHARANPUR,3466382,UTTAR PRADESH,SAHARANPUR,223,15544.313901345291,360.0,Moderate Population per Bank,242.43,19.43,Moderate Priority
TAMIL NADU,TIRUVANNAMALAI,2464875,TAMIL NADU,TIRUVANNAMALAI,159,15502.358490566037,361.0,Moderate Population per Bank,172.39,13.39,Low Priority
TAMIL NADU,ARIYALUR,754894,TAMIL NADU,ARIYALUR,49,15406.0,362.0,Moderate Population per Bank,52.8,3.8,Low Priority
MAHARASHTRA,AHMADNAGAR,4543159,MAHARASHTRA,AHILYANAGAR,295,15400.538983050847,363.0,Moderate Population per Bank,317.74,22.74,Moderate Priority
NCT OF DELHI,EAST,1709346,NCT OF DELHI,EAST DELHI,111,15399.513513513513,364.0,Moderate Population per Bank,119.55,8.55,Low Priority
WEST BENGAL,NORTH TWENTY FOUR PARGANAS,10009781,WEST BENGAL,NORTH 24 PARGANAS,651,15376.007680491552,365.0,Moderate Population per Bank,700.06,49.06,High Priority
ODISHA,BALESHWAR,2320529,ODISHA,BALESHWAR,151,15367.741721854305,366.0,Moderate Population per Bank,162.29,11.29,Low Priority
NCT OF DELHI,SOUTH,2731929,NCT OF DELHI,SOUTH DELHI,178,15347.91573033708,367.0,Moderate Population per Bank,191.06,13.06,Low Priority
WEST BENGAL,HUGLI,5519145,WEST BENGAL,HUGLI,361,15288.490304709141,368.0,Moderate Population per Bank,385.99,24.99,Moderate Priority
ODISHA,BARGARH,1481255,ODISHA,BARGARH,97,15270.670103092783,369.0,Moderate Population per Bank,103.6,6.6,Low Priority
CHHATTISGARH,DURG,3343872,CHHATTISGARH,DURG,219,15268.82191780822,370.0,Moderate Population per Bank,233.86,14.86,Low Priority
UTTAR PRADESH,GORAKHPUR,4440895,UTTAR PRADESH,GORAKHPUR,291,15260.807560137457,371.0,Moderate Population per Bank,310.58,19.58,Moderate Priority
MANIPUR,CHURACHANDPUR,274143,MANIPUR,CHURACHANDPUR,18,15230.166666666666,372.0,Moderate Population per Bank,19.17,1.17,Low Priority
RAJASTHAN,JAISALMER,669919,RAJASTHAN,JAISALMER,44,15225.431818181818,373.0,Moderate Population per Bank,46.85,2.85,Low Priority
KARNATAKA,GADAG,1064570,KARNATAKA,GADAG,70,15208.142857142857,374.0,Moderate Population per Bank,74.45,4.45,Low Priority
ANDHRA PRADESH,ANANTAPUR,4081148,ANDHRA PRADESH,ANANTHAPURAMU,269,15171.553903345724,375.0,Moderate Population per Bank,285.42,16.42,Moderate Priority
TAMIL NADU,CUDDALORE,2605914,TAMIL NADU,CUDDALORE,172,15150.662790697674,376.0,Moderate Population per Bank,182.25,10.25,Low Priority
RAJASTHAN,TONK,1421326,RAJASTHAN,TONK,94,15120.489361702128,377.0,Moderate Population per Bank,99.4,5.4,Low Priority
KARNATAKA,BAGALKOT,1889752,KARNATAKA,BAGALKOTE,125,15118.016,378.0,Moderate Population per Bank,132.16,7.16,Low Priority
ODISHA,DHENKANAL,1192811,ODISHA,DHENKANAL,79,15098.87341772152,379.0,Moderate Population per Bank,83.42,4.42,Low Priority
JAMMU & KASHMIR,REASI,314667,JAMMU & KASHMIR,REASI,21,14984.142857142857,380.0,Moderate Population per Bank,22.01,1.01,Low Priority
TAMIL NADU,VIRUDHUNAGAR,1942288,TAMIL NADU,VIRUDHUNAGAR,130,14940.676923076922,381.0,Moderate Population per Bank,135.84,5.84,Low Priority
JHARKHAND,LOHARDAGA,461790,JHARKHAND,LOHARDAGGA,31,14896.451612903225,382.0,Moderate Population per Bank,32.3,1.3,Low Priority
ODISHA,KENDUJHAR,1801733,ODISHA,KEONJHAR,121,14890.355371900827,383.0,Moderate Population per Bank,126.01,5.01,Low Priority
MAHARASHTRA,BHANDARA,1200334,MAHARASHTRA,BHANDARA,81,14818.938271604939,384.0,Moderate Population per Bank,83.95,2.95,Low Priority
JHARKHAND,DEOGHAR,1492073,JHARKHAND,DEOGHAR,101,14773.0,385.0,Moderate Population per Bank,104.35,3.35,Low Priority
MADHYA PRADESH,NARSIMHAPUR,1091854,MADHYA PRADESH,NARSIMHAPUR,74,14754.783783783783,386.0,Moderate Population per Bank,76.36,2.36,Low Priority
MADHYA PRADESH,BETUL,1575362,MADHYA PRADESH,BETUL,108,14586.685185185184,387.0,Moderate Population per Bank,110.18,2.18,Low Priority
ANDHRA PRADESH,KARIMNAGAR,3776269,ANDHRA PRADESH,KARIMNAGAR,260,14524.111538461539,388.0,Moderate Population per Bank,264.1,4.1,Low Priority
UTTAR PRADESH,GHAZIABAD,4681645,UTTAR PRADESH,GHAZIABAD,323,14494.256965944272,389.0,Moderate Population per Bank,327.42,4.42,Low Priority
ANDHRA PRADESH,WARANGAL,3512576,ANDHRA PRADESH,WARANGAL,243,14455.045267489711,390.0,Moderate Population per Bank,245.66,2.66,Low Priority
TAMIL NADU,SALEM,3482056,TAMIL NADU,SALEM,241,14448.365145228216,391.0,Moderate Population per Bank,243.53,2.53,Low Priority
ODISHA,GAJAPATI,577817,ODISHA,GAJAPATI,40,14445.425,392.0,Moderate Population per Bank,40.41,0.41,Low Priority
ANDHRA PRADESH,KURNOOL,4053463,ANDHRA PRADESH,KURNOOL,281,14425.135231316726,393.0,Moderate Population per Bank,283.49,2.49,Low Priority
MADHYA PRADESH,UJJAIN,1986864,MADHYA PRADESH,UJJAIN,138,14397.565217391304,394.0,Moderate Population per Bank,138.96,0.96,Low Priority
ASSAM,TINSUKIA,1327929,ASSAM,TINSUKIA,93,14278.806451612903,395.0,Moderate Population per Bank,92.87,-0.13,No Gap
ASSAM,DIMA HASAO,214102,ASSAM,DIMA HASAO,15,14273.466666666667,396.0,Moderate Population per Bank,14.97,-0.03,No Gap
TRIPURA,WEST TRIPURA,1725739,TRIPURA,WEST TRIPURA,121,14262.305785123966,397.0,Moderate Population per Bank,120.69,-0.31,No Gap
ODISHA,BAUDH,441162,ODISHA,BOUDH,31,14231.032258064517,398.0,Moderate Population per Bank,30.85,-0.15,No Gap
JAMMU & KASHMIR,KARGIL,140802,LADAKH,KARGIL,10,14080.2,399.0,Moderate Population per Bank,9.85,-0.15,No Gap
CHHATTISGARH,RAIPUR,4063872,CHHATTISGARH,RAIPUR,289,14061.840830449826,400.0,Moderate Population per Bank,284.22,-4.78,No Gap
ODISHA,JAJAPUR,1827192,ODISHA,JAJPUR,130,14055.323076923078,401.0,Moderate Population per Bank,127.79,-2.21,No Gap
JHARKHAND,KODARMA,716259,JHARKHAND,KODERMA,51,14044.29411764706,402.0,Moderate Population per Bank,50.09,-0.91,No Gap
RAJASTHAN,AJMER,2583052,RAJASTHAN,AJMER,184,14038.326086956522,403.0,Moderate Population per Bank,180.65,-3.35,No Gap
ANDHRA PRADESH,KHAMMAM,2797370,ANDHRA PRADESH,KHAMMAM,200,13986.85,404.0,Moderate Population per Bank,195.64,-4.36,No Gap
PUDUCHERRY,PUDUCHERRY,950289,PUDUCHERRY,PUDUCHERRY,68,13974.838235294117,405.0,Moderate Population per Bank,66.46,-1.54,No Gap
ARUNACHAL PRADESH,LOWER SUBANSIRI,83030,ARUNACHAL PRADESH,LOWER SUBANSIRI,6,13838.333333333334,406.0,Moderate Population per Bank,5.81,-0.19,No Gap
KARNATAKA,TUMKUR,2678980,KARNATAKA,TUMAKURU,194,13809.175257731958,407.0,Moderate Population per Bank,187.36,-6.64,No Gap
KARNATAKA,CHAMARAJANAGAR,1020791,KARNATAKA,CHAMARAJANAGAR,74,13794.472972972973,408.0,Moderate Population per Bank,71.39,-2.61,No Gap
KARNATAKA,CHIKKABALLAPURA,1255104,KARNATAKA,CHIKKABALLAPURA,91,13792.351648351649,409.0,Moderate Population per Bank,87.78,-3.22,No Gap
UTTAR PRADESH,JHANSI,1998603,UTTAR PRADESH,JHANSI,145,13783.46896551724,410.0,Moderate Population per Bank,139.78,-5.22,No Gap
RAJASTHAN,JODHPUR,3687165,RAJASTHAN,JODHPUR,268,13758.078358208955,411.0,Moderate Population per Bank,257.87,-10.13,No Gap
MAHARASHTRA,AMRAVATI,2888445,MAHARASHTRA,AMRAVATI,210,13754.5,412.0,Moderate Population per Bank,202.01,-7.99,No Gap
TAMIL NADU,THIRUVARUR,1264277,TAMIL NADU,THIRUVARUR,92,13742.141304347826,413.0,Moderate Population per Bank,88.42,-3.58,No Gap
KARNATAKA,KOLAR,1536401,KARNATAKA,KOLAR,113,13596.469026548673,414.0,Moderate Population per Bank,107.45,-5.55,No Gap
NAGALAND,DIMAPUR,378811,NAGALAND,DIMAPUR,28,13528.964285714286,415.0,Moderate Population per Bank,26.49,-1.51,No Gap
ARUNACHAL PRADESH,LOWER DIBANG VALLEY,54080,ARUNACHAL PRADESH,LOWER DIBANG VALLEY,4,13520.0,416.0,Moderate Population per Bank,3.78,-0.22,No Gap
HARYANA,HISAR,1743931,HARYANA,HISAR,129,13518.84496124031,417.0,Moderate Population per Bank,121.97,-7.03,No Gap
JHARKHAND,SARAIKELA-KHARSAWAN,1065056,JHARKHAND,SERAIKELA-KHARSAWAN,80,13313.2,418.0,Moderate Population per Bank,74.49,-5.51,No Gap
MADHYA PRADESH,SEHORE,1311332,MADHYA PRADESH,SEHORE,99,13245.777777777777,419.0,Moderate Population per Bank,91.71,-7.29,No Gap
ANDAMAN & NICOBAR ISLANDS,NORTH & MIDDLE ANDAMAN,105597,ANDAMAN & NICOBAR ISLANDS,NORTH AND MIDDLE ANDAMAN,8,13199.625,420.0,Moderate Population per Bank,7.39,-0.61,No Gap
RAJASTHAN,HANUMANGARH,1774692,RAJASTHAN,HANUMANGARH,135,13145.866666666667,421.0,Moderate Population per Bank,124.12,-10.88,No Gap
ARUNACHAL PRADESH,EAST KAMENG,78690,ARUNACHAL PRADESH,EAST KAMENG,6,13115.0,422.0,Moderate Population per Bank,5.5,-0.5,No Gap
TAMIL NADU,THENI,1245899,TAMIL NADU,THENI,95,13114.726315789474,423.0,Moderate Population per Bank,87.13,-7.87,No Gap
TAMIL NADU,KRISHNAGIRI,1879809,TAMIL NADU,KRISHNAGIRI,144,13054.229166666666,424.0,Moderate Population per Bank,131.47,-12.53,No Gap
GUJARAT,AMRELI,1514190,GUJARAT,AMRELI,116,13053.362068965518,425.0,Moderate Population per Bank,105.9,-10.1,No Gap
JHARKHAND,HAZARIBAGH,1734495,JHARKHAND,HAZARIBAG,133,13041.315789473685,426.0,Moderate Population per Bank,121.31,-11.69,No Gap
MIZORAM,SERCHHIP,64937,MIZORAM,SERCHHIP,5,12987.4,427.0,Moderate Population per Bank,4.54,-0.46,No Gap
HARYANA,MAHENDRAGARH,922088,HARYANA,MAHENDRAGARH,71,12987.154929577464,428.0,Moderate Population per Bank,64.49,-6.51,No Gap
RAJASTHAN,SAWAI MADHOPUR,1335551,RAJASTHAN,SAWAI MADHOPUR,103,12966.514563106795,429.0,Moderate Population per Bank,93.4,-9.6,No Gap
KERALA,KANNUR,2523003,KERALA,KANNUR,195,12938.476923076923,430.0,Moderate Population per Bank,176.45,-18.55,No Gap
ODISHA,NAYAGARH,962789,ODISHA,NAYAGARH,75,12837.186666666666,431.0,Moderate Population per Bank,67.33,-7.67,No Gap
GUJARAT,KHEDA,2299885,GUJARAT,KHEDA,180,12777.138888888889,432.0,Moderate Population per Bank,160.85,-19.15,No Gap
PUNJAB,GURDASPUR,2298323,PUNJAB,GURDASPUR,180,12768.461111111112,433.0,Moderate Population per Bank,160.74,-19.26,No Gap
ANDHRA PRADESH,NALGONDA,3488809,ANDHRA PRADESH,NALGONDA,274,12732.879562043796,434.0,Moderate Population per Bank,244.0,-30.0,No Gap
MAHARASHTRA,MUMBAI SUBURBAN,9356962,MAHARASHTRA,MUMBAI SUBURBAN,738,12678.81029810298,435.0,Moderate Population per Bank,654.4,-83.6,No Gap
ODISHA,PURI,1698730,ODISHA,PURI,134,12677.089552238805,436.0,Moderate Population per Bank,118.8,-15.2,No Gap
MADHYA PRADESH,HOSHANGABAD,1241350,MADHYA PRADESH,NARMADAPURAM,98,12666.836734693878,437.0,Moderate Population per Bank,86.82,-11.18,No Gap
TAMIL NADU,PUDUKKOTTAI,1618345,TAMIL NADU,PUDUKKOTTAI,128,12643.3203125,438.0,Moderate Population per Bank,113.18,-14.82,No Gap
ODISHA,ANUGUL,1273821,ODISHA,ANUGUL,101,12612.089108910892,439.0,Moderate Population per Bank,89.09,-11.91,No Gap
ODISHA,GANJAM,3529031,ODISHA,GANJAM,281,12558.829181494662,440.0,Moderate Population per Bank,246.81,-34.19,No Gap
GUJARAT,SURAT,6081322,GUJARAT,SURAT,488,12461.725409836066,441.0,Moderate Population per Bank,425.31,-62.69,No Gap
MADHYA PRADESH,HARDA,570465,MADHYA PRADESH,HARDA,46,12401.41304347826,442.0,Moderate Population per Bank,39.9,-6.1,No Gap
JHARKHAND,BOKARO,2062330,JHARKHAND,BOKARO,167,12349.281437125748,443.0,Moderate Population per Bank,144.23,-22.77,No Gap
MEGHALAYA,RIBHOI,258840,MEGHALAYA,RI BHOI,21,12325.714285714286,444.0,Moderate Population per Bank,18.1,-2.9,No Gap
TAMIL NADU,KARUR,1064493,TAMIL NADU,KARUR,87,12235.551724137931,445.0,Moderate Population per Bank,74.45,-12.55,No Gap
ANDHRA PRADESH,MEDAK,3033288,ANDHRA PRADESH,MEDAK,248,12231.0,446.0,Moderate Population per Bank,212.14,-35.86,No Gap
HARYANA,KAITHAL,1074304,HARYANA,KAITHAL,88,12208.0,447.0,Moderate Population per Bank,75.13,-12.87,No Gap
UTTAR PRADESH,AGRA,4418797,UTTAR PRADESH,AGRA,365,12106.29315068493,448.0,Moderate Population per Bank,309.04,-55.96,No Gap
GUJARAT,VALSAD,1705678,GUJARAT,VALSAD,141,12097.00709219858,449.0,Moderate Population per Bank,119.29,-21.71,No Gap
TAMIL NADU,THANJAVUR,2405890,TAMIL NADU,THANJAVUR,199,12089.899497487437,450.0,Moderate Population per Bank,168.26,-30.74,No Gap
ASSAM,DIBRUGARH,1326335,ASSAM,DIBRUGARH,110,12057.59090909091,451.0,Moderate Population per Bank,92.76,-17.24,No Gap
RAJASTHAN,KOTA,1951014,RAJASTHAN,KOTA,162,12043.296296296296,452.0,Moderate Population per Bank,136.45,-25.55,No Gap
GUJARAT,RAJKOT,3804558,GUJARAT,RAJKOT,316,12039.740506329113,453.0,Moderate Population per Bank,266.08,-49.92,No Gap
ODISHA,DEBAGARH,312520,ODISHA,DEOGARH,26,12020.0,454.0,Moderate Population per Bank,21.86,-4.14,No Gap
TAMIL NADU,THOOTHUKKUDI,1750176,TAMIL NADU,TOOTHUKUDI,146,11987.506849315068,455.0,Moderate Population per Bank,122.4,-23.6,No Gap
UTTAR PRADESH,BAGHPAT,1303048,UTTAR PRADESH,BAGHPAT,109,11954.56880733945,456.0,Moderate Population per Bank,91.13,-17.87,No Gap
JHARKHAND,DHANBAD,2684487,JHARKHAND,DHANBAD,226,11878.261061946903,457.0,Moderate Population per Bank,187.75,-38.25,No Gap
ODISHA,JAGATSINGHAPUR,1136971,ODISHA,JAGATSINGHPUR,96,11843.447916666666,458.0,Moderate Population per Bank,79.52,-16.48,No Gap
ODISHA,SUNDARGARH,2093437,ODISHA,SUNDARGARH,177,11827.327683615818,459.0,Moderate Population per Bank,146.41,-30.59,No Gap
KERALA,KOZHIKODE,3086293,KERALA,KOZHIKODE,262,11779.74427480916,460.0,Moderate Population per Bank,215.85,-46.15,No Gap
RAJASTHAN,BIKANER,2363937,RAJASTHAN,BIKANER,202,11702.658415841584,461.0,Moderate Population per Bank,165.33,-36.67,No Gap
GUJARAT,MAHESANA,2035064,GUJARAT,MAHESANA,175,11628.937142857143,462.0,Moderate Population per Bank,142.33,-32.67,No Gap
KARNATAKA,MANDYA,1805769,KARNATAKA,MANDYA,156,11575.442307692309,463.0,Moderate Population per Bank,126.29,-29.71,No Gap
PUNJAB,SANGRUR,1655169,PUNJAB,SANGRUR,143,11574.608391608392,464.0,Moderate Population per Bank,115.76,-27.24,No Gap
ANDHRA PRADESH,NIZAMABAD,2551335,ANDHRA PRADESH,NIZAMABAD,221,11544.502262443439,465.0,Moderate Population per Bank,178.43,-42.57,No Gap
HARYANA,JIND,1334152,HARYANA,JIND,116,11501.310344827587,466.0,Moderate Population per Bank,93.31,-22.69,No Gap
KERALA,KASARAGOD,1307375,KERALA,KASARAGOD,114,11468.201754385966,467.0,Moderate Population per Bank,91.43,-22.57,No Gap
NAGALAND,MOKOKCHUNG,194622,NAGALAND,MOKOKCHUNG,17,11448.35294117647,468.0,Moderate Population per Bank,13.61,-3.39,No Gap
TAMIL NADU,DINDIGUL,2159775,TAMIL NADU,DINDIGUL,189,11427.380952380952,469.0,Moderate Population per Bank,151.05,-37.95,No Gap
MAHARASHTRA,WARDHA,1300774,MAHARASHTRA,WARDHA,115,11311.078260869564,470.0,Moderate Population per Bank,90.97,-24.03,No Gap
PUNJAB,TARN TARAN,1119627,PUNJAB,TARN TARAN,99,11309.363636363636,471.0,Moderate Population per Bank,78.3,-20.7,No Gap
UTTAR PRADESH,MATHURA,2547184,UTTAR PRADESH,MATHURA,226,11270.725663716814,472.0,Moderate Population per Bank,178.14,-47.86,No Gap
MANIPUR,IMPHAL WEST,517992,MANIPUR,IMPHAL WEST,46,11260.695652173914,473.0,Moderate Population per Bank,36.23,-9.77,No Gap
WEST BENGAL,DARJILING,1846823,WEST BENGAL,DARJILING,165,11192.866666666667,474.0,Moderate Population per Bank,129.16,-35.84,No Gap
ANDHRA PRADESH,EAST GODAVARI,5154296,ANDHRA PRADESH,EAST GODAVARI,461,11180.685466377441,475.0,Moderate Population per Bank,360.48,-100.52,No Gap
JHARKHAND,RAMGARH,949443,JHARKHAND,RAMGARH,85,11169.917647058823,476.0,Moderate Population per Bank,66.4,-18.6,No Gap
CHHATTISGARH,BIJAPUR,255230,CHHATTISGARH,BIJAPUR,23,11096.95652173913,477.0,Moderate Population per Bank,17.85,-5.15,No Gap
TAMIL NADU,TIRUPPUR,2479052,TAMIL NADU,TIRUPPUR,225,11018.00888888889,478.0,Moderate Population per Bank,173.38,-51.62,No Gap
HARYANA,JHAJJAR,958405,HARYANA,JHAJJAR,87,11016.149425287356,479.0,Moderate Population per Bank,67.03,-19.97,No Gap
NCT OF DELHI,SOUTH WEST,2292958,NCT OF DELHI,SOUTH-WEST DELHI,209,10971.09090909091,480.0,Moderate Population per Bank,160.36,-48.64,No Gap
KERALA,WAYANAD,817420,KERALA,WAYANAD,75,10898.933333333332,481.0,Lower Population per Bank,57.17,-17.83,No Gap
TAMIL NADU,PERAMBALUR,565223,TAMIL NADU,PERAMBALUR,52,10869.673076923076,482.0,Lower Population per Bank,39.53,-12.47,No Gap
TAMIL NADU,NAMAKKAL,1726601,TAMIL NADU,NAMAKKAL,159,10859.125786163522,483.0,Lower Population per Bank,120.75,-38.25,No Gap
GUJARAT,PORBANDAR,585449,GUJARAT,PORBANDAR,54,10841.648148148148,484.0,Lower Population per Bank,40.94,-13.06,No Gap
HARYANA,FATEHABAD,942011,HARYANA,FATEHABAD,87,10827.71264367816,485.0,Lower Population per Bank,65.88,-21.12,No Gap
HIMACHAL PRADESH,CHAMBA,519080,HIMACHAL PRADESH,CHAMBA,48,10814.166666666666,486.0,Lower Population per Bank,36.3,-11.7,No Gap
MADHYA PRADESH,GWALIOR,2032036,MADHYA PRADESH,GWALIOR,188,10808.702127659575,487.0,Lower Population per Bank,142.12,-45.88,No Gap
JHARKHAND,PURBI SINGHBHUM,2293919,JHARKHAND,PURBI SINGHBHUM,213,10769.57276995305,488.0,Lower Population per Bank,160.43,-52.57,No Gap
ANDHRA PRADESH,VIZIANAGARAM,2344474,ANDHRA PRADESH,VIZIANAGARAM,220,10656.7,489.0,Lower Population per Bank,163.97,-56.03,No Gap
ARUNACHAL PRADESH,ANJAW,21167,ARUNACHAL PRADESH,ANJAW,2,10583.5,490.0,Lower Population per Bank,1.48,-0.52,No Gap
UTTAR PRADESH,VARANASI,3676841,UTTAR PRADESH,VARANASI,351,10475.330484330485,491.0,Lower Population per Bank,257.15,-93.85,No Gap
HARYANA,SIRSA,1295189,HARYANA,SIRSA,124,10445.072580645161,492.0,Lower Population per Bank,90.58,-33.42,No Gap
KARNATAKA,RAMANAGARA,1082636,KARNATAKA,BENGALURU SOUTH,104,10409.961538461539,493.0,Lower Population per Bank,75.72,-28.28,No Gap
KERALA,KOLLAM,2635375,KERALA,KOLLAM,255,10334.803921568628,494.0,Lower Population per Bank,184.31,-70.69,No Gap
TAMIL NADU,ERODE,2251744,TAMIL NADU,ERODE,219,10281.93607305936,495.0,Lower Population per Bank,157.48,-61.52,No Gap
PUNJAB,MANSA,769751,PUNJAB,MANSA,75,10263.346666666666,496.0,Lower Population per Bank,53.83,-21.17,No Gap
MAHARASHTRA,RATNAGIRI,1615069,MAHARASHTRA,RATNAGIRI,159,10157.666666666666,497.0,Lower Population per Bank,112.95,-46.05,No Gap
MAHARASHTRA,PUNE,9429408,MAHARASHTRA,PUNE,931,10128.257787325456,498.0,Lower Population per Bank,659.47,-271.53,No Gap
HARYANA,REWARI,900332,HARYANA,REWARI,89,10116.08988764045,499.0,Lower Population per Bank,62.97,-26.03,No Gap
DADRA & NAGAR HAVELI,DADRA & NAGAR HAVELI,343709,DADRA AND NAGAR HAVELI AND DAMAN AND DIU,DADRA&NAGAR HAVELI,34,10109.088235294117,500.0,Lower Population per Bank,24.04,-9.96,No Gap
KERALA,PALAKKAD,2809934,KERALA,PALAKKAD,279,10071.448028673834,501.0,Lower Population per Bank,196.52,-82.48,No Gap
DAMAN & DIU,DAMAN,191173,DADRA AND NAGAR HAVELI AND DAMAN AND DIU,DAMAN,19,10061.736842105263,502.0,Lower Population per Bank,13.37,-5.63,No Gap
UTTAR PRADESH,MEERUT,3443689,UTTAR PRADESH,MEERUT,343,10039.909620991253,503.0,Lower Population per Bank,240.84,-102.16,No Gap
UTTAR PRADESH,KANPUR NAGAR,4581268,UTTAR PRADESH,KANPUR NAGAR,458,10002.768558951964,504.0,Lower Population per Bank,320.4,-137.6,No Gap
KERALA,IDUKKI,1108974,KERALA,IDUKKI,112,9901.55357142857,505.0,Lower Population per Bank,77.56,-34.44,No Gap
KERALA,ALAPPUZHA,2127789,KERALA,ALAPUZHA,215,9896.693023255813,506.0,Lower Population per Bank,148.81,-66.19,No Gap
TAMIL NADU,TIRUCHIRAPPALLI,2722290,TAMIL NADU,TIRUCHIRAPALLI,276,9863.369565217392,507.0,Lower Population per Bank,190.39,-85.61,No Gap
KARNATAKA,MYSORE,3001127,KARNATAKA,MYSURU,305,9839.760655737706,508.0,Lower Population per Bank,209.89,-95.11,No Gap
KARNATAKA,DHARWAD,1847023,KARNATAKA,DHARWAD,188,9824.590425531915,509.0,Lower Population per Bank,129.18,-58.82,No Gap
GUJARAT,BHARUCH,1551019,GUJARAT,BHARUCH,158,9816.575949367088,510.0,Lower Population per Bank,108.47,-49.53,No Gap
TAMIL NADU,THE NILGIRIS,735394,TAMIL NADU,NILGIRIS,75,9805.253333333334,511.0,Lower Population per Bank,51.43,-23.57,No Gap
KERALA,THRISSUR,3121200,KERALA,THRISSUR,319,9784.326018808777,512.0,Lower Population per Bank,218.29,-100.71,No Gap
TAMIL NADU,MADURAI,3038252,TAMIL NADU,MADURAI,311,9769.299035369775,513.0,Lower Population per Bank,212.49,-98.51,No Gap
UTTARAKHAND,HARDWAR,1890422,UTTARAKHAND,HARIDWAR,194,9744.443298969072,514.0,Lower Population per Bank,132.21,-61.79,No Gap
RAJASTHAN,JAIPUR,6626178,RAJASTHAN,JAIPUR,682,9715.803519061583,515.0,Lower Population per Bank,463.42,-218.58,No Gap
MADHYA PRADESH,JABALPUR,2463289,MADHYA PRADESH,JABALPUR,257,9584.782101167315,516.0,Lower Population per Bank,172.28,-84.72,No Gap
GUJARAT,KACHCHH,2092371,GUJARAT,KACHCHH,220,9510.777272727273,517.0,Lower Population per Bank,146.33,-73.67,No Gap
MAHARASHTRA,NAGPUR,4653570,MAHARASHTRA,NAGPUR,492,9458.475609756097,518.0,Lower Population per Bank,325.46,-166.54,No Gap
MEGHALAYA,EAST KHASI HILLS,825922,MEGHALAYA,EAST KHASI HILLS,88,9385.477272727272,519.0,Lower Population per Bank,57.76,-30.24,No Gap
RAJASTHAN,GANGANAGAR,1969168,RAJASTHAN,GANGANAGAR,210,9376.990476190476,520.0,Lower Population per Bank,137.72,-72.28,No Gap
TAMIL NADU,KANNIYAKUMARI,1870374,TAMIL NADU,KANYAKUMARI,200,9351.87,521.0,Lower Population per Bank,130.81,-69.19,No Gap
KARNATAKA,HASSAN,1776421,KARNATAKA,HASSAN,190,9349.584210526316,522.0,Lower Population per Bank,124.24,-65.76,No Gap
ODISHA,JHARSUGUDA,579505,ODISHA,JHARSUGUDA,62,9346.854838709678,523.0,Lower Population per Bank,40.53,-21.47,No Gap
MIZORAM,KOLASIB,83955,MIZORAM,KOLASIB,9,9328.333333333334,524.0,Lower Population per Bank,5.87,-3.13,No Gap
UTTARAKHAND,BAGESHWAR,259898,UTTARAKHAND,BAGESHWAR,28,9282.07142857143,525.0,Lower Population per Bank,18.18,-9.82,No Gap
KARNATAKA,SHIMOGA,1752753,KARNATAKA,SHIVAMOGGA,189,9273.825396825398,526.0,Lower Population per Bank,122.58,-66.42,No Gap
ODISHA,CUTTACK,2624470,ODISHA,CUTTACK,283,9273.74558303887,527.0,Lower Population per Bank,183.55,-99.45,No Gap
ANDHRA PRADESH,WEST GODAVARI,3936966,ANDHRA PRADESH,WEST GODAVARI,426,9241.704225352112,528.0,Lower Population per Bank,275.34,-150.66,No Gap
NAGALAND,KOHIMA,267988,NAGALAND,KOHIMA,29,9240.965517241379,529.0,Lower Population per Bank,18.74,-10.26,No Gap
ANDAMAN & NICOBAR ISLANDS,NICOBARS,36842,ANDAMAN & NICOBAR ISLANDS,NICOBAR,4,9210.5,530.0,Lower Population per Bank,2.58,-1.42,No Gap
HARYANA,FARIDABAD,1809733,HARYANA,FARIDABAD,197,9186.46192893401,531.0,Lower Population per Bank,126.57,-70.43,No Gap
NCT OF DELHI,WEST,2543243,NCT OF DELHI,WEST DELHI,278,9148.356115107914,532.0,Lower Population per Bank,177.87,-100.13,No Gap
HARYANA,YAMUNANAGAR,1214205,HARYANA,YAMUNANAGAR,133,9129.36090225564,533.0,Lower Population per Bank,84.92,-48.08,No Gap
GUJARAT,VADODARA,4165626,GUJARAT,VADODARA,459,9075.437908496731,534.0,Lower Population per Bank,291.33,-167.67,No Gap
ARUNACHAL PRADESH,EAST SIANG,99214,ARUNACHAL PRADESH,EAST SIANG,11,9019.454545454546,535.0,Lower Population per Bank,6.94,-4.06,No Gap
GUJARAT,NAVSARI,1329672,GUJARAT,NAVSARI,148,8984.27027027027,536.0,Lower Population per Bank,92.99,-55.01,No Gap
GUJARAT,AHMADABAD,7214225,GUJARAT,AHMEDABAD,803,8984.09090909091,537.0,Lower Population per Bank,504.54,-298.46,No Gap
BIHAR,PATNA,5838465,BIHAR,PATNA,656,8900.099085365853,538.0,Lower Population per Bank,408.33,-247.67,No Gap
JAMMU & KASHMIR,SAMBA,318898,JAMMU & KASHMIR,SAMBA,36,8858.277777777777,539.0,Lower Population per Bank,22.3,-13.7,No Gap
ANDHRA PRADESH,KRISHNA,4517398,ANDHRA PRADESH,KRISHNA,513,8805.844054580897,540.0,Lower Population per Bank,315.93,-197.07,No Gap
JAMMU & KASHMIR,JAMMU,1529958,JAMMU & KASHMIR,JAMMU,174,8792.862068965518,541.0,Lower Population per Bank,107.0,-67.0,No Gap
UTTARAKHAND,PITHORAGARH,483439,UTTARAKHAND,PITHORAGARH,55,8789.8,542.0,Lower Population per Bank,33.81,-21.19,No Gap
PUNJAB,MUKTSAR,901896,PUNJAB,MUKTSAR,103,8756.271844660194,543.0,Lower Population per Bank,63.08,-39.92,No Gap
PUDUCHERRY,KARAIKAL,200222,PUDUCHERRY,KARAIKAL,23,8705.304347826086,544.0,Lower Population per Bank,14.0,-9.0,No Gap
GUJARAT,ANAND,2092745,GUJARAT,ANAND,242,8647.706611570247,545.0,Lower Population per Bank,146.36,-95.64,No Gap
UTTARAKHAND,UDHAM SINGH NAGAR,1648902,UTTARAKHAND,UDHAM SINGH NAGAR,192,8588.03125,546.0,Lower Population per Bank,115.32,-76.68,No Gap
TAMIL NADU,SIVAGANGA,1339101,TAMIL NADU,SIVAGANGA,159,8422.018867924528,547.0,Lower Population per Bank,93.65,-65.35,No Gap
KARNATAKA,UTTARA KANNADA,1437169,KARNATAKA,UTTAR KANNAD,171,8404.497076023392,548.0,Lower Population per Bank,100.51,-70.49,No Gap
HIMACHAL PRADESH,MANDI,999777,HIMACHAL PRADESH,MANDI,119,8401.487394957983,549.0,Lower Population per Bank,69.92,-49.08,No Gap
ANDHRA PRADESH,VISAKHAPATNAM,4290589,ANDHRA PRADESH,VISAKHAPATNAM,511,8396.455968688846,550.0,Lower Population per Bank,300.07,-210.93,No Gap
MIZORAM,AIZAWL,400309,MIZORAM,AIZAWL,48,8339.770833333334,551.0,Lower Population per Bank,28.0,-20.0,No Gap
ODISHA,SAMBALPUR,1041099,ODISHA,SAMBALPUR,125,8328.792,552.0,Lower Population per Bank,72.81,-52.19,No Gap
HARYANA,PANIPAT,1205437,HARYANA,PANIPAT,148,8144.844594594595,553.0,Lower Population per Bank,84.31,-63.69,No Gap
JHARKHAND,RANCHI,2914253,JHARKHAND,RANCHI,360,8095.147222222222,554.0,Lower Population per Bank,203.82,-156.18,No Gap
MAHARASHTRA,RAIGARH,2634200,MAHARASHTRA,RAIGAD,327,8055.6574923547405,555.0,Lower Population per Bank,184.23,-142.77,No Gap
PUNJAB,BARNALA,595527,PUNJAB,BARNALA,74,8047.6621621621625,556.0,Lower Population per Bank,41.65,-32.35,No Gap
HARYANA,ROHTAK,1061204,HARYANA,ROHTAK,132,8039.424242424242,557.0,Lower Population per Bank,74.22,-57.78,No Gap
KARNATAKA,CHIKMAGALUR,1137961,KARNATAKA,CHIKKAMAGALURU,142,8013.80985915493,558.0,Lower Population per Bank,79.59,-62.41,No Gap
ARUNACHAL PRADESH,DIBANG VALLEY,8004,ARUNACHAL PRADESH,DIBANG VALLEY,1,8004.0,559.0,Lower Population per Bank,0.56,-0.44,No Gap
ANDHRA PRADESH,GUNTUR,4887813,ANDHRA PRADESH,GUNTUR,615,7947.663414634147,560.0,Lower Population per Bank,341.84,-273.16,No Gap
PUDUCHERRY,YANAM,55626,PUDUCHERRY,YANAM,7,7946.571428571428,561.0,Lower Population per Bank,3.89,-3.11,No Gap
UTTARAKHAND,UTTARKASHI,330086,UTTARAKHAND,UTTAR KASHI,42,7859.190476190476,562.0,Lower Population per Bank,23.09,-18.91,No Gap
MADHYA PRADESH,INDORE,3276697,MADHYA PRADESH,INDORE,417,7857.786570743406,563.0,Lower Population per Bank,229.16,-187.84,No Gap
UTTARAKHAND,TEHRI GARHWAL,618931,UTTARAKHAND,TEHRI GARHWAL,80,7736.6375,564.0,Lower Population per Bank,43.29,-36.71,No Gap
HARYANA,KURUKSHETRA,964655,HARYANA,KURUKSHETRA,126,7655.992063492064,565.0,Lower Population per Bank,67.47,-58.53,No Gap
ARUNACHAL PRADESH,WEST KAMENG,83947,ARUNACHAL PRADESH,WEST KAMENG,11,7631.545454545455,566.0,Lower Population per Bank,5.87,-5.13,No Gap
PUNJAB,AMRITSAR,2490656,PUNJAB,AMRITSAR,327,7616.68501529052,567.0,Lower Population per Bank,174.19,-152.81,No Gap
HARYANA,SONIPAT,1450001,HARYANA,SONIPAT,191,7591.628272251309,568.0,Lower Population per Bank,101.41,-89.59,No Gap
PUNJAB,FARIDKOT,617508,PUNJAB,FARIDKOT,82,7530.585365853659,569.0,Lower Population per Bank,43.19,-38.81,No Gap
MAHARASHTRA,SINDHUDURG,849651,MAHARASHTRA,SINDHUDURG,113,7519.0353982300885,570.0,Lower Population per Bank,59.42,-53.58,No Gap
UTTARAKHAND,ALMORA,622506,UTTARAKHAND,ALMORA,83,7500.0722891566265,571.0,Lower Population per Bank,43.54,-39.46,No Gap
HARYANA,AMBALA,1128350,HARYANA,AMBALA,152,7423.355263157895,572.0,Lower Population per Bank,78.91,-73.09,No Gap
UTTARAKHAND,CHAMPAWAT,259648,UTTARAKHAND,CHAMPAWAT,35,7418.5142857142855,573.0,Lower Population per Bank,18.16,-16.84,No Gap
KARNATAKA,BANGALORE RURAL,990923,KARNATAKA,BENGALURU RURAL,134,7394.94776119403,574.0,Lower Population per Bank,69.3,-64.7,No Gap
HARYANA,KARNAL,1505324,HARYANA,KARNAL,204,7379.0392156862745,575.0,Lower Population per Bank,105.28,-98.72,No Gap
UTTARAKHAND,RUDRAPRAYAG,242285,UTTARAKHAND,RUDRAPRAYAG,33,7341.969696969697,576.0,Lower Population per Bank,16.94,-16.06,No Gap
PUNJAB,MOGA,995746,PUNJAB,MOGA,138,7215.550724637681,577.0,Lower Population per Bank,69.64,-68.36,No Gap
PUNJAB,RUPNAGAR,684627,PUNJAB,RUPNAGAR,95,7206.6,578.0,Lower Population per Bank,47.88,-47.12,No Gap
TAMIL NADU,COIMBATORE,3458045,TAMIL NADU,COIMBATORE,482,7174.367219917012,579.0,Lower Population per Bank,241.85,-240.15,No Gap
KERALA,KOTTAYAM,1974551,KERALA,KOTTAYAM,276,7154.170289855072,580.0,Lower Population per Bank,138.09,-137.91,No Gap
PUNJAB,PATIALA,1895686,PUNJAB,PATIALA,266,7126.639097744361,581.0,Lower Population per Bank,132.58,-133.42,No Gap
KARNATAKA,BANGALORE,9621551,KARNATAKA,BENGALURU URBAN,1362,7064.2812041116,582.0,Lower Population per Bank,672.91,-689.09,No Gap
HIMACHAL PRADESH,KANGRA,1510075,HIMACHAL PRADESH,KANGRA,219,6895.319634703196,583.0,Lower Population per Bank,105.61,-113.39,No Gap
ANDHRA PRADESH,RANGAREDDY,5296741,ANDHRA PRADESH,RANGAREDDI,770,6878.884415584415,584.0,Lower Population per Bank,370.44,-399.56,No Gap
UTTARAKHAND,CHAMOLI,391605,UTTARAKHAND,CHAMOLI,57,6870.263157894737,585.0,Lower Population per Bank,27.39,-29.61,No Gap
KERALA,THIRUVANANTHAPURAM,3301427,KERALA,THIRUVANANTHAPURAM,481,6863.673596673597,586.0,Lower Population per Bank,230.89,-250.11,No Gap
PUNJAB,HOSHIARPUR,1586625,PUNJAB,HOSHIARPUR,232,6838.900862068966,587.0,Lower Population per Bank,110.96,-121.04,No Gap
GUJARAT,GANDHINAGAR,1391753,GUJARAT,GANDHINAGAR,204,6822.318627450981,588.0,Lower Population per Bank,97.34,-106.66,No Gap
UTTARAKHAND,NAINITAL,954605,UTTARAKHAND,NAINITAL,143,6675.55944055944,589.0,Lower Population per Bank,66.76,-76.24,No Gap
PUNJAB,BATHINDA,1388525,PUNJAB,BATHINDA,210,6612.023809523809,590.0,Lower Population per Bank,97.11,-112.89,No Gap
PUNJAB,FATEHGARH SAHIB,600163,PUNJAB,FATEHGARH SAHIB,91,6595.197802197802,591.0,Lower Population per Bank,41.97,-49.03,No Gap
ANDHRA PRADESH,SRI POTTI SRIRAMULU NELLORE,2963557,ANDHRA PRADESH,SRI POTTI SRIRAMULU NELLORE,452,6556.54203539823,592.0,Lower Population per Bank,207.26,-244.74,No Gap
HIMACHAL PRADESH,KULLU,437903,HIMACHAL PRADESH,KULU,68,6439.75,593.0,Lower Population per Bank,30.63,-37.37,No Gap
SIKKIM,SOUTH DISTRICT,146850,SIKKIM,NAMCHI,23,6384.782608695652,594.0,Lower Population per Bank,10.27,-12.73,No Gap
UTTAR PRADESH,LUCKNOW,4589838,UTTAR PRADESH,LUCKNOW,727,6313.3947730398895,595.0,Lower Population per Bank,321.0,-406.0,No Gap
MADHYA PRADESH,BHOPAL,2371061,MADHYA PRADESH,BHOPAL,378,6272.648148148148,596.0,Lower Population per Bank,165.83,-212.17,No Gap
ARUNACHAL PRADESH,TAWANG,49977,ARUNACHAL PRADESH,TAWANG,8,6247.125,597.0,Lower Population per Bank,3.5,-4.5,No Gap
PUNJAB,LUDHIANA,3498739,PUNJAB,LUDHIANA,563,6214.4564831261105,598.0,Lower Population per Bank,244.69,-318.31,No Gap
KERALA,ERNAKULAM,3282388,KERALA,ERNAKULAM,529,6204.89224952741,599.0,Lower Population per Bank,229.56,-299.44,No Gap
UTTARAKHAND,GARHWAL,687271,UTTARAKHAND,GARHWAL,111,6191.630630630631,600.0,Lower Population per Bank,48.07,-62.93,No Gap
MAHARASHTRA,MUMBAI,3085411,MAHARASHTRA,MUMBAI,499,6183.188376753507,601.0,Lower Population per Bank,215.79,-283.21,No Gap
KERALA,PATHANAMTHITTA,1197412,KERALA,PATHANAMTHITTA,194,6172.226804123711,602.0,Lower Population per Bank,83.74,-110.26,No Gap
HIMACHAL PRADESH,SIRMAUR,529855,HIMACHAL PRADESH,SIRMAUR,87,6090.287356321839,603.0,Lower Population per Bank,37.06,-49.94,No Gap
JAMMU & KASHMIR,LEH(LADAKH),133487,LADAKH,LEH,22,6067.590909090909,604.0,Lower Population per Bank,9.34,-12.66,No Gap
ANDHRA PRADESH,HYDERABAD,3943323,ANDHRA PRADESH,HYDERABAD,677,5824.701624815362,605.0,Lower Population per Bank,275.79,-401.21,No Gap
HIMACHAL PRADESH,UNA,521173,HIMACHAL PRADESH,UNA,90,5790.811111111111,606.0,Lower Population per Bank,36.45,-53.55,No Gap
SIKKIM,EAST DISTRICT,283583,SIKKIM,GANGTOK,49,5787.408163265306,607.0,Lower Population per Bank,19.83,-29.17,No Gap
PUNJAB,KAPURTHALA,815168,PUNJAB,KAPURTHALA,146,5583.342465753424,608.0,Lower Population per Bank,57.01,-88.99,No Gap
PUNJAB,SHAHID BHAGAT SINGH NAGAR,612310,PUNJAB,SHAHID BHAGAT SINGH NAGAR,112,5467.053571428572,609.0,Lower Population per Bank,42.82,-69.18,No Gap
HIMACHAL PRADESH,BILASPUR,381956,HIMACHAL PRADESH,BILASPUR,70,5456.5142857142855,610.0,Lower Population per Bank,26.71,-43.29,No Gap
KARNATAKA,KODAGU,554519,KARNATAKA,KODAGU,102,5436.4607843137255,611.0,Lower Population per Bank,38.78,-63.22,No Gap
KARNATAKA,DAKSHINA KANNADA,2089649,KARNATAKA,DAKSHIN KANNAD,386,5413.598445595855,612.0,Lower Population per Bank,146.14,-239.86,No Gap
ANDAMAN & NICOBAR ISLANDS,SOUTH ANDAMAN,238142,ANDAMAN & NICOBAR ISLANDS,SOUTH ANDAMAN,45,5292.044444444445,613.0,Lower Population per Bank,16.66,-28.34,No Gap
UTTAR PRADESH,GAUTAM BUDDHA NAGAR,1648115,UTTAR PRADESH,GAUTAM BUDDHA NAGAR,324,5086.774691358025,614.0,Lower Population per Bank,115.26,-208.74,No Gap
WEST BENGAL,KOLKATA,4496694,WEST BENGAL,KOLKATA,913,4925.1851040525735,615.0,Lower Population per Bank,314.49,-598.51,No Gap
ODISHA,KHORDHA,2251673,ODISHA,KHURDA,460,4894.941304347826,616.0,Lower Population per Bank,157.48,-302.52,No Gap
HIMACHAL PRADESH,HAMIRPUR,454768,HIMACHAL PRADESH,HAMIRPUR,94,4837.95744680851,617.0,Lower Population per Bank,31.81,-62.19,No Gap
ASSAM,KAMRUP METROPOLITAN,1253938,ASSAM,KAMRUP METROPOLITAN,264,4749.765151515152,618.0,Lower Population per Bank,87.7,-176.3,No Gap
TAMIL NADU,CHENNAI,4646732,TAMIL NADU,CHENNAI,980,4741.563265306122,619.0,Lower Population per Bank,324.98,-655.02,No Gap
DAMAN & DIU,DIU,52074,DADRA AND NAGAR HAVELI AND DAMAN AND DIU,DIU,11,4734.0,620.0,Lower Population per Bank,3.64,-7.36,No Gap
PUNJAB,JALANDHAR,2193590,PUNJAB,JALANDHAR,464,4727.564655172414,621.0,Lower Population per Bank,153.41,-310.59,No Gap
PUDUCHERRY,MAHE,41816,PUDUCHERRY,MAHE,9,4646.222222222223,622.0,Lower Population per Bank,2.92,-6.08,No Gap
CHANDIGARH,CHANDIGARH,1055450,CHANDIGARH,CHANDIGARH,229,4608.951965065502,623.0,Lower Population per Bank,73.82,-155.18,No Gap
KARNATAKA,UDUPI,1177361,KARNATAKA,UDIPI,259,4545.795366795367,624.0,Lower Population per Bank,82.34,-176.66,No Gap
ARUNACHAL PRADESH,PAPUM PARE,176573,ARUNACHAL PRADESH,PAPUMPARE,40,4414.325,625.0,Lower Population per Bank,12.35,-27.65,No Gap
HARYANA,GURGAON,1514432,HARYANA,GURUGRAM,357,4242.106442577031,626.0,Lower Population per Bank,105.92,-251.08,No Gap
UTTARAKHAND,DEHRADUN,1696694,UTTARAKHAND,DEHRA DUN,411,4128.209245742092,627.0,Lower Population per Bank,118.66,-292.34,No Gap
LAKSHADWEEP,LAKSHADWEEP,64473,LAKSHADWEEP,LAKSHADWEEP,16,4029.5625,628.0,Lower Population per Bank,4.51,-11.49,No Gap
SIKKIM,NORTH DISTRICT,43709,SIKKIM,MANGAN,11,3973.5454545454545,629.0,Lower Population per Bank,3.06,-7.94,No Gap
HARYANA,PANCHKULA,561293,HARYANA,PANCHKULA,142,3952.7676056338028,630.0,Lower Population per Bank,39.26,-102.74,No Gap
HIMACHAL PRADESH,SHIMLA,814010,HIMACHAL PRADESH,SHIMLA,206,3951.5048543689322,631.0,Lower Population per Bank,56.93,-149.07,No Gap
PUNJAB,SAHIBZADA AJIT SINGH NAGAR,994628,PUNJAB,SAHIBZADA AJIT SINGH NAGAR,260,3825.492307692308,632.0,Lower Population per Bank,69.56,-190.44,No Gap
HIMACHAL PRADESH,SOLAN,580320,HIMACHAL PRADESH,SOLAN,158,3672.9113924050635,633.0,Lower Population per Bank,40.59,-117.41,No Gap
GOA,NORTH GOA,818008,GOA,NORTH GOA,223,3668.1973094170403,634.0,Lower Population per Bank,57.21,-165.79,No Gap
GOA,SOUTH GOA,640537,GOA,SOUTH GOA,182,3519.434065934066,635.0,Lower Population per Bank,44.8,-137.2,No Gap
HIMACHAL PRADESH,KINNAUR,84121,HIMACHAL PRADESH,KINNAUR,30,2804.0333333333333,636.0,Lower Population per Bank,5.88,-24.12,No Gap
NCT OF DELHI,CENTRAL,582320,NCT OF DELHI,CENTRAL DELHI,221,2634.9321266968327,637.0,Lower Population per Bank,40.73,-180.27,No Gap
NCT OF DELHI,NORTH,887978,NCT OF DELHI,NORTH DELHI,338,2627.153846153846,638.0,Lower Population per Bank,62.1,-275.9,No Gap
HIMACHAL PRADESH,LAHUL & SPITI,31564,HIMACHAL PRADESH,LAHUL & SPITI,15,2104.266666666667,639.0,Lower Population per Bank,2.21,-12.79,No Gap
NCT OF DELHI,NEW DELHI,142004,NCT OF DELHI,NEW DELHI,210,676.2095238095238,640.0,Lower Population per Bank,9.93,-200.07,No Gap
